Customer_id,Age,Gender,Revenue_Total,N_Purchases,Purchase_DATE,Purchase_VALUE,Pay_Method,Time_Spent,Browser,Newsletter,Voucher
504308,53,0,45.3,2,22.06.21,24.915,1,885,0,0,0
504309,18,1,36.2,3,10.12.21,2.896,2,656,0,0,1
504310,52,1,10.6,1,14.03.21,10.6,0,761,0,1,0
504311,29,0,54.1,5,25.10.21,43.28,1,906,0,1,0
504312,21,1,56.9,1,14.09.21,56.9,1,605,0,1,0
504313,55,0,13.7,6,14.05.21,12.467,1,364,1,0,0
504314,17,1,30.7,6,09.01.21,2.456,0,654,0,0,0
504315,30,1,8.1,7,28.03.21,6.561,3,1011,0,0,0
504316,51,0,18,4,04.08.21,11.88,0,312,3,1,0
504317,63,1,19.2,4,06.10.21,11.904,3,828,0,0,0
504318,26,0,36.5,5,31.12.21,31.39,2,1029,0,0,1
504319,42,1,14,4,22.11.21,4.34,3,479,1,0,0
504320,40,0,14.7,2,02.08.21,2.94,3,645,0,0,0
504321,19,0,37.4,4,07.05.21,15.334,3,501,1,0,0
504322,30,1,15.4,1,02.05.21,15.4,3,802,2,0,0
504323,60,0,28.7,7,04.06.21,0.861,3,804,0,0,0
504324,22,0,39.7,3,22.02.21,30.569,2,931,3,0,0
504325,39,1,5.1,3,13.07.21,1.53,3,911,3,1,0
504326,21,1,43.9,6,13.09.21,19.755,1,468,0,0,1
504327,20,1,36.4,6,16.01.21,14.56,2,714,0,0,0
504328,54,0,23.2,1,03.07.21,23.2,0,474,0,0,1
504329,53,0,26.3,7,22.12.21,15.517,3,691,1,1,0
504330,22,1,33.1,2,10.01.21,0.662,0,394,0,0,1
504331,32,1,1.2,4,20.01.21,0.204,0,1013,1,0,1
504332,36,1,41.3,6,16.04.21,24.367,1,165,3,0,0
504333,24,1,25.5,3,13.05.21,4.08,0,710,0,0,0
504334,57,1,34.1,5,07.09.21,18.073,3,664,0,0,1
504335,27,1,30.8,4,21.07.21,26.18,2,808,1,0,0
504336,21,0,31.1,2,11.01.21,9.019,0,992,0,0,0
504337,52,1,48.1,6,19.10.21,34.151,3,311,0,0,1
504338,52,1,42.7,2,04.02.21,22.204,1,283,1,1,0
504339,52,1,53.5,4,13.12.21,14.98,0,941,0,0,0
504340,55,0,39,2,03.02.21,23.79,1,137,0,0,0
504341,63,1,30.3,5,16.08.21,5.454,0,469,0,0,0
504342,17,0,34.7,1,17.09.21,34.7,1,338,1,0,0
504343,41,1,41.3,6,11.10.21,9.086,1,723,0,0,0
504344,32,1,26.4,7,14.05.21,4.752,0,496,0,1,0
504345,57,0,33.1,7,12.07.21,30.452,2,142,0,0,1
504346,39,1,59.3,3,24.04.21,21.348,0,484,0,0,0
504347,35,0,14.3,1,25.03.21,14.3,2,552,0,0,0
504348,48,1,35,7,05.11.21,21.7,2,610,3,1,0
504349,56,1,3.9,7,10.04.21,1.755,2,128,0,1,0
504350,60,0,5.1,1,03.01.21,5.1,0,755,0,0,0
504351,32,1,1.6,5,22.11.21,1.488,1,1040,0,0,1
504352,49,1,11.3,6,22.05.21,7.006,0,729,3,0,0
504353,22,1,41.9,7,07.02.21,31.006,2,1033,0,0,0
504354,25,1,22.7,2,15.10.21,12.031,2,628,2,0,0
504355,57,1,37.1,7,14.01.21,17.066,1,757,0,0,0
504356,50,0,5.7,2,31.08.21,1.71,1,815,0,1,1
504357,55,0,27.2,2,06.02.21,16.592,3,1038,1,1,0
504358,27,1,17.5,3,14.12.21,12.425,1,199,0,0,0
504359,19,0,44.7,5,18.08.21,32.631,3,216,0,0,1
504360,33,1,36,5,11.03.21,0.36,2,372,1,0,0
504361,51,1,30.6,6,03.07.21,0.612,2,929,0,0,0
504362,63,0,5.4,7,25.11.21,3.078,1,552,0,0,1
504363,52,1,17.9,3,07.01.21,1.074,0,515,3,0,0
504364,34,1,22.1,7,15.03.21,4.641,3,339,0,0,0
504365,46,1,22.6,1,07.09.21,22.6,2,324,0,0,0
504366,63,1,33.2,2,23.07.21,23.904,0,240,1,0,0
504367,19,1,57.9,2,29.10.21,49.215,2,435,0,0,0
504368,17,0,42.1,7,11.02.21,25.26,3,795,3,0,0
504369,46,1,2,7,27.10.21,1.84,3,842,0,1,1
504370,59,1,51.1,4,13.04.21,36.281,1,993,0,0,0
504371,45,1,3.6,1,03.04.21,3.6,1,653,0,0,1
504372,29,1,31.4,3,28.08.21,5.024,0,748,1,0,1
504373,54,0,30.3,7,04.06.21,16.968,1,216,0,1,0
504374,46,1,32.1,5,31.08.21,19.902,0,822,1,0,0
504375,47,0,2.9,4,28.07.21,0.348,1,181,0,0,1
504376,45,1,34.1,6,28.02.21,28.644,0,1018,3,0,0
504377,21,0,40.5,4,23.11.21,14.175,3,633,3,0,0
504378,25,1,41.3,3,24.07.21,16.933,0,159,0,0,0
504379,55,1,20.1,2,29.05.21,18.09,1,683,0,0,1
504380,40,1,9.3,3,25.03.21,7.905,0,921,0,0,1
504381,34,1,58.7,7,22.01.21,58.113,1,338,3,0,0
504382,45,1,41.9,7,29.03.21,14.246,1,986,0,0,1
504383,57,0,53.9,6,06.09.21,10.241,3,1048,3,0,0
504384,32,0,33,5,20.12.21,31.35,1,870,0,0,0
504385,18,1,33.3,2,12.01.21,18.648,3,735,0,0,0
504386,39,1,31.9,6,28.10.21,31.262,0,750,0,0,1
504387,46,0,11.5,4,22.03.21,10.35,2,1048,0,0,1
504388,41,0,54.9,4,19.06.21,13.725,1,572,0,0,0
504389,40,0,27.5,7,20.10.21,21.175,2,1070,0,1,0
504390,54,1,14.5,6,11.03.21,0.87,2,385,0,0,0
504391,49,1,13.6,2,26.06.21,8.296,0,259,1,1,0
504392,56,1,40.3,1,26.04.21,40.3,1,636,0,0,0
504393,56,1,2.2,4,29.10.21,1.518,0,965,2,1,1
504394,18,1,20.9,6,22.04.21,18.183,1,271,0,0,0
504395,62,1,24.3,2,27.10.21,16.524,1,168,3,0,1
504396,17,1,28,6,29.11.21,22.68,0,269,0,0,0
504397,21,0,6.8,1,02.09.21,6.8,1,932,0,0,0
504398,26,1,5.1,6,25.10.21,3.723,2,1005,0,0,1
504399,54,1,22.7,7,20.03.21,4.313,3,159,0,0,0
504400,26,0,32.7,4,23.12.21,21.582,3,773,0,0,0
504401,43,0,50.5,5,30.05.21,39.895,1,1050,0,0,0
504402,43,1,19,5,30.08.21,2.47,1,648,0,0,0
504403,32,1,29.1,2,12.12.21,14.841,3,764,1,0,0
504404,52,1,50.1,5,15.02.21,12.525,3,588,0,0,1
504405,49,1,51.3,5,27.03.21,19.494,2,678,0,0,0
504406,61,0,35.3,7,29.04.21,30.358,3,800,0,1,0
504407,50,0,26.4,7,17.10.21,0.528,0,852,1,0,1
504408,32,1,33.4,6,29.12.21,4.342,0,511,3,0,0
504409,53,0,33.7,5,17.05.21,31.678,3,560,0,0,1
504410,36,0,37.7,1,06.09.21,37.7,0,974,0,0,1
504411,33,0,15.1,6,09.12.21,2.265,1,1072,0,0,1
504412,48,1,57.7,3,21.12.21,15.002,2,147,0,0,0
504413,21,1,33.2,4,14.04.21,25.564,3,1069,0,0,0
504414,35,0,32.2,5,26.04.21,0.322,0,788,1,0,0
504415,52,1,20,2,17.09.21,6,1,341,0,0,1
504416,30,1,39.9,3,25.02.21,18.354,2,280,1,0,1
504417,31,0,38,5,25.06.21,32.3,1,312,0,0,0
504418,55,0,33.7,1,20.09.21,33.7,0,357,1,0,0
504419,40,1,14.1,2,07.09.21,10.998,0,613,0,1,1
504420,24,1,20.5,4,27.11.21,6.355,1,891,0,0,1
504421,36,1,32.4,7,12.01.21,30.132,3,697,3,0,0
504422,44,1,44.9,6,06.09.21,22.45,1,1022,1,1,0
504423,24,0,1.6,4,28.03.21,0.464,1,144,0,0,1
504424,42,0,2.1,1,29.10.21,2.1,2,991,0,0,0
504425,55,1,21.4,6,23.07.21,17.334,2,840,0,0,0
504426,30,1,48.3,7,26.01.21,29.463,3,776,0,0,0
504427,35,1,33.1,3,15.01.21,32.438,3,597,1,0,0
504428,49,1,37.1,5,27.04.21,11.872,2,405,0,0,0
504429,58,0,18.3,5,17.06.21,10.248,1,258,0,0,0
504430,22,1,35.5,4,21.12.21,17.04,2,620,1,0,0
504431,24,0,9.8,6,07.10.21,6.664,0,483,1,0,0
504432,23,1,32.2,2,21.11.21,4.83,1,276,0,1,0
504433,58,0,33.5,1,26.12.21,33.5,0,824,0,1,0
504434,50,0,25.8,3,03.05.21,21.156,2,884,0,0,0
504435,39,1,12.1,1,14.12.21,12.1,0,785,2,0,1
504436,32,1,34.3,1,02.12.21,34.3,3,319,0,0,0
504437,57,1,21.8,1,21.03.21,21.8,3,659,0,1,0
504438,52,0,24.4,2,01.04.21,9.76,1,431,0,0,0
504439,55,1,14.8,4,19.03.21,14.652,3,426,1,0,0
504440,47,1,21.4,2,20.10.21,1.926,0,361,1,0,0
504441,36,1,34.8,2,11.09.21,26.796,1,467,0,1,0
504442,62,1,57.5,7,01.06.21,23.575,1,464,0,0,1
504443,50,0,3.3,7,03.01.21,1.749,0,834,1,0,0
504444,56,1,10.1,4,12.03.21,5.151,1,646,0,1,0
504445,20,1,27,4,22.04.21,18.9,3,944,0,0,0
504446,58,1,11.1,7,12.12.21,2.109,3,1051,0,0,0
504447,46,1,13.3,7,23.07.21,6.916,2,686,0,0,0
504448,37,1,39,2,17.06.21,11.31,0,328,3,0,0
504449,46,1,4.1,1,25.03.21,4.1,2,656,0,0,0
504450,62,1,35.3,6,20.02.21,29.652,0,729,0,0,0
504451,63,1,49.5,5,07.03.21,27.72,0,907,0,0,0
504452,63,0,5.6,1,26.02.21,5.6,3,964,0,0,1
504453,59,1,14.3,1,14.12.21,14.3,0,139,0,0,1
504454,23,1,41.5,1,22.01.21,41.5,2,339,1,0,1
504455,44,0,38.1,4,14.02.21,28.575,2,860,0,0,0
504456,31,1,1.3,7,11.05.21,0.052,2,1067,1,0,0
504457,53,1,20.4,3,22.06.21,5.304,1,1076,2,1,0
504458,35,0,43.7,6,23.07.21,34.523,2,504,0,0,0
504459,47,1,46.1,6,04.06.21,10.142,0,528,0,1,0
504460,34,0,21,1,25.09.21,21,2,578,0,0,0
504461,52,1,43.1,5,13.03.21,41.376,1,948,0,1,0
504462,26,1,43.7,3,06.03.21,15.295,0,227,0,0,0
504463,17,1,34.6,7,29.07.21,18.338,3,517,0,0,0
504464,37,1,5.8,5,12.01.21,3.074,2,328,0,0,1
504465,52,1,23.6,3,17.06.21,1.18,2,228,3,0,0
504466,54,1,30.5,6,07.09.21,17.69,2,1046,2,1,0
504467,34,1,50.9,7,08.04.21,19.851,0,604,1,1,1
504468,38,0,20.8,5,13.01.21,18.096,2,646,3,0,0
504469,39,1,27.2,6,11.01.21,19.312,0,788,1,0,1
504470,60,1,2.4,2,20.09.21,0.12,2,177,0,1,0
504471,52,1,25.3,3,26.02.21,4.554,2,1004,1,0,0
504472,31,1,30.7,4,06.02.21,23.332,3,1073,0,0,1
504473,59,0,27.2,6,07.08.21,26.384,3,1051,1,0,0
504474,60,0,34.9,5,04.10.21,2.443,2,905,0,0,1
504475,56,1,25.1,3,29.12.21,16.566,3,581,0,1,0
504476,29,0,20.1,2,26.07.21,5.226,0,254,1,0,0
504477,49,1,8.1,5,21.07.21,2.187,1,774,0,0,0
504478,42,1,38.3,3,28.02.21,9.575,0,1008,0,1,0
504479,20,1,9.5,2,11.11.21,6.175,2,323,1,0,0
504480,48,0,55.9,4,20.05.21,21.242,1,135,0,0,0
504481,56,0,34.7,3,26.11.21,32.271,2,150,0,0,0
504482,16,0,33.7,3,08.03.21,2.359,2,762,3,0,1
504483,35,0,39.9,3,29.11.21,30.324,3,368,0,0,1
504484,63,0,36.9,4,14.01.21,36.531,3,857,1,0,0
504485,30,0,34.5,7,08.11.21,14.49,2,752,0,0,1
504486,53,0,48.9,1,12.06.21,48.9,0,723,0,1,0
504487,21,1,39.8,3,01.12.21,23.482,1,711,0,0,0
504488,21,1,45.3,6,15.03.21,21.291,1,1045,1,0,0
504489,55,0,34.1,7,17.03.21,12.276,0,382,1,0,0
504490,40,0,10,4,27.02.21,0.1,3,739,0,0,1
504491,30,1,25.1,3,11.06.21,7.028,2,262,3,0,0
504492,39,0,31.5,6,24.06.21,14.175,0,683,3,0,1
504493,28,0,18,3,12.11.21,16.38,0,598,0,0,0
504494,47,0,24.2,3,01.12.21,14.036,1,1018,0,1,0
504495,57,1,17.4,1,11.12.21,17.4,1,705,1,0,0
504496,54,0,38.5,6,05.02.21,1.155,1,582,0,1,0
504497,45,1,38.8,4,26.03.21,30.264,1,390,1,0,0
504498,46,0,51.1,5,12.12.21,6.132,3,824,3,0,1
504499,33,0,37.2,4,03.05.21,6.324,3,905,0,0,0
504500,32,1,33.9,6,06.04.21,2.034,3,991,0,0,0
504501,40,0,57.3,3,30.06.21,36.672,1,989,0,0,0
504502,23,1,35.1,5,07.08.21,13.338,0,923,0,1,1
504503,40,0,24.5,4,20.03.21,16.17,1,626,2,0,0
504504,48,1,35,4,13.02.21,6.65,0,459,3,0,0
504505,41,1,16.4,2,15.09.21,4.428,3,378,0,0,0
504506,24,0,37.7,7,28.02.21,26.013,0,570,0,1,0
504507,47,1,4.6,1,07.06.21,4.6,0,664,0,0,0
504508,61,1,2.3,6,25.06.21,0.138,3,648,1,0,0
504509,51,0,31.9,6,16.03.21,20.097,0,535,0,0,0
504510,45,1,20.4,4,27.05.21,4.692,2,897,0,0,0
504511,50,1,49.3,1,20.06.21,49.3,3,609,0,0,0
504512,50,0,36.7,3,30.06.21,15.781,3,596,0,0,0
504513,18,0,56.7,7,16.10.21,5.103,0,506,0,0,0
504514,25,1,7.1,3,23.06.21,3.905,1,319,0,1,0
504515,38,1,21.9,3,19.07.21,9.198,3,1037,0,0,0
504516,21,1,39.7,6,02.11.21,17.865,0,393,3,0,1
504517,19,1,9.3,4,18.06.21,8.091,0,295,0,0,1
504518,62,1,23.2,6,23.09.21,0.464,3,658,0,1,0
504519,24,1,27.9,3,01.01.22,26.784,3,332,2,0,0
504520,35,0,46.1,3,06.02.21,4.149,0,218,0,0,1
504521,56,1,52.1,5,11.05.21,3.126,1,956,3,0,0
504522,63,0,30.3,4,27.12.21,18.786,2,671,0,0,0
504523,36,1,35.3,7,05.05.21,14.473,3,644,1,0,0
504524,40,1,28.5,4,24.11.21,9.405,0,390,3,0,0
504525,49,0,43.7,2,07.10.21,25.346,1,371,0,0,0
504526,57,0,8.9,4,20.11.21,3.56,3,588,0,0,0
504527,22,1,59.7,5,16.06.21,54.327,1,936,1,1,1
504528,29,1,9.1,7,21.09.21,4.368,1,767,0,0,0
504529,32,0,9.3,4,23.10.21,8.37,2,709,0,1,0
504530,41,0,33.6,5,11.04.21,3.696,3,643,0,0,0
504531,50,1,21.6,5,17.08.21,6.264,3,253,0,0,0
504532,56,1,54.9,1,07.08.21,54.9,1,723,3,0,0
504533,30,1,28.4,4,19.11.21,21.016,1,271,0,0,0
504534,41,1,28.9,5,02.08.21,3.757,1,395,0,0,1
504535,30,1,26.3,6,30.09.21,17.884,0,303,0,0,1
504536,23,0,30.4,3,31.01.21,14.592,1,684,0,1,0
504537,54,1,23.1,2,26.04.21,0.924,1,766,0,0,0
504538,45,1,30.3,1,23.02.21,30.3,0,1024,0,0,0
504539,43,1,59.5,5,30.09.21,36.295,1,789,1,1,0
504540,29,1,6.4,7,25.03.21,0.064,0,149,1,0,1
504541,35,0,31.5,5,16.04.21,29.295,1,699,0,0,0
504542,29,0,26.7,1,01.10.21,26.7,1,776,0,0,1
504543,29,0,39.5,6,31.05.21,29.625,0,395,3,0,1
504544,40,1,1.2,2,27.08.21,0.888,2,874,0,0,0
504545,53,1,37.1,6,06.08.21,20.034,0,156,0,0,0
504546,47,1,17.1,6,08.11.21,0.513,0,724,0,0,0
504547,60,1,8.6,7,25.06.21,3.526,0,262,1,0,0
504548,36,1,3.9,6,21.07.21,3.51,0,752,3,0,1
504549,43,1,26.5,2,25.09.21,11.395,1,419,0,0,0
504550,63,0,12.5,2,23.10.21,6.125,1,616,0,0,1
504551,19,1,28.7,7,12.11.21,10.332,0,654,0,0,0
504552,26,1,9.5,6,06.02.21,3.895,2,556,0,0,1
504553,54,0,20,3,20.07.21,15.6,1,694,0,1,0
504554,16,0,14,2,07.06.21,4.48,0,626,0,0,0
504555,26,1,28.5,6,19.11.21,6.555,3,1001,0,0,0
504556,48,1,56.7,7,25.07.21,15.309,2,981,0,0,0
504557,59,1,51.3,5,11.02.21,3.591,2,1027,0,0,0
504558,20,0,33.1,7,14.02.21,14.564,3,570,1,0,0
504559,39,1,35.6,6,16.03.21,31.684,2,144,0,0,0
504560,47,1,38.5,5,05.07.21,37.345,3,444,0,0,0
504561,56,1,38.8,3,29.05.21,24.056,0,172,0,0,0
504562,20,1,29.8,5,10.03.21,9.536,1,965,1,0,1
504563,28,1,14.9,4,29.09.21,6.705,3,1076,0,0,0
504564,38,1,30,4,22.09.21,22.2,3,170,0,0,1
504565,57,1,35.5,4,17.04.21,12.425,2,716,0,0,0
504566,35,1,25.1,4,30.06.21,8.534,2,1064,0,0,0
504567,24,0,30,4,14.11.21,20.7,3,1069,0,0,1
504568,40,0,20.7,7,14.11.21,1.035,0,921,0,0,0
504569,63,1,15.6,1,07.09.21,15.6,3,1070,0,0,0
504570,19,1,31.3,2,20.05.21,26.918,0,161,3,0,0
504571,52,1,13.3,4,09.07.21,7.315,3,701,0,0,0
504572,56,0,21.2,1,16.09.21,21.2,0,170,3,0,0
504573,56,0,22.9,5,25.01.21,13.282,1,517,1,0,0
504574,47,1,5.9,3,28.12.21,4.484,0,317,0,0,0
504575,42,0,24.1,4,01.01.21,7.953,1,990,0,0,1
504576,27,1,36.9,6,27.12.21,8.856,3,230,3,0,0
504577,43,1,12.6,1,11.07.21,12.6,1,211,1,0,1
504578,54,1,32.1,7,06.01.21,18.297,0,817,0,0,0
504579,52,0,18.1,1,15.08.21,18.1,3,234,1,0,0
504580,19,1,20.6,7,31.03.21,14.008,2,653,1,0,0
504581,22,0,14.9,3,05.03.21,5.811,1,666,0,0,0
504582,49,0,53.5,2,18.03.21,41.73,1,166,1,0,0
504583,35,1,1.8,2,11.04.21,0.126,0,230,0,0,0
504584,47,1,30.4,6,13.03.21,0.304,1,1000,3,0,0
504585,44,0,39.3,5,10.04.21,3.144,3,260,0,0,1
504586,35,1,19,2,28.01.21,16.91,1,712,0,0,1
504587,24,1,55.5,7,17.11.21,36.075,3,657,1,0,1
504588,16,1,9.3,5,16.10.21,4.092,3,261,1,0,0
504589,27,1,48.5,5,03.05.21,20.37,2,668,0,0,0
504590,53,1,32.5,1,12.07.21,32.5,0,228,0,0,0
504591,26,0,33.2,7,25.06.21,12.948,0,557,1,0,1
504592,45,1,31.6,5,12.07.21,16.748,0,600,0,0,0
504593,39,1,38.1,1,13.08.21,38.1,0,604,3,1,0
504594,57,1,4,6,25.12.21,2,0,171,0,0,1
504595,42,0,32.1,4,07.07.21,21.828,0,306,0,0,0
504596,37,1,16.4,7,23.10.21,15.744,0,833,2,1,0
504597,58,1,39.8,3,21.10.21,7.562,3,992,0,0,0
504598,43,0,7.6,4,05.11.21,0.76,2,345,0,0,1
504599,24,0,33,4,18.07.21,2.64,1,615,0,0,1
504600,56,1,23.4,5,24.04.21,9.36,3,813,1,1,0
504601,62,0,39.1,4,15.06.21,30.889,1,1075,0,0,0
504602,53,0,32.9,2,07.01.21,13.489,1,945,0,1,0
504603,45,1,28.6,3,13.04.21,22.022,3,613,0,0,0
504604,48,1,19.4,2,15.11.21,8.73,0,554,0,0,1
504605,16,1,34.7,5,19.01.21,31.577,2,868,2,0,0
504606,62,1,58.7,1,25.09.21,58.7,1,1065,1,0,0
504607,22,1,37.3,7,19.10.21,24.991,2,1043,0,0,1
504608,52,1,43.5,2,13.10.21,41.325,1,473,0,0,1
504609,18,1,52.9,5,16.09.21,11.109,3,742,0,0,0
504610,39,1,10,6,14.06.21,6.4,2,140,3,0,0
504611,57,1,25.7,5,16.04.21,3.341,1,833,2,0,1
504612,61,1,39.6,3,03.11.21,33.66,0,123,0,0,0
504613,17,0,28.2,1,21.12.21,28.2,3,654,0,0,0
504614,62,1,43.3,5,27.07.21,36.372,0,266,3,0,1
504615,50,0,45.1,4,04.07.21,9.922,0,349,0,0,0
504616,26,1,1,6,06.05.21,0.8,0,809,0,1,0
504617,49,1,6.2,1,04.11.21,6.2,3,196,0,1,1
504618,63,1,6.3,4,06.12.21,5.481,2,184,0,0,0
504619,23,1,37.3,5,01.01.21,21.261,0,468,0,0,0
504620,63,0,55.7,5,01.12.21,42.889,2,1046,3,0,1
504621,59,1,0.7,3,25.06.21,0.084,2,208,3,1,1
504622,60,1,43.1,6,28.08.21,17.24,2,1026,0,0,1
504623,25,1,58.3,7,06.08.21,25.652,2,273,0,0,0
504624,50,0,5.2,2,13.11.21,2.08,3,546,1,0,0
504625,52,0,25.5,4,03.01.21,13.515,1,437,3,0,0
504626,19,1,30.7,5,05.07.21,17.806,1,1055,3,0,0
504627,33,1,35.4,5,26.11.21,22.656,2,546,0,0,1
504628,45,1,35.9,5,14.10.21,22.976,1,140,0,1,0
504629,57,1,40.5,5,22.08.21,13.365,0,628,0,0,0
504630,45,0,23.3,1,09.11.21,23.3,1,209,0,1,1
504631,54,0,5,3,11.06.21,2.5,2,349,0,0,1
504632,62,1,43.7,1,18.09.21,43.7,3,1003,0,0,1
504633,49,1,35.6,6,01.01.21,27.056,3,863,0,0,0
504634,63,1,14.4,3,12.09.21,4.176,1,725,3,0,0
504635,28,1,11.1,1,11.04.21,11.1,0,435,3,0,0
504636,50,1,30.9,1,28.09.21,30.9,3,257,0,0,0
504637,54,1,47.9,4,14.02.21,10.059,0,897,0,0,0
504638,46,1,26.7,1,07.04.21,26.7,1,247,0,0,0
504639,16,1,39.5,4,09.09.21,35.945,0,382,1,0,1
504640,49,1,31,3,10.11.21,10.23,2,336,0,0,1
504641,52,0,35.2,4,13.06.21,5.632,1,599,0,0,0
504642,47,1,7.1,5,12.06.21,1.917,0,238,0,0,1
504643,28,1,27.3,4,12.02.21,5.733,3,875,0,0,1
504644,28,1,20.1,5,28.01.21,5.829,3,252,0,0,0
504645,37,1,0.6,3,24.10.21,0.084,1,593,1,0,1
504646,27,1,48.5,3,05.10.21,35.89,0,413,1,0,1
504647,62,1,15.9,1,26.06.21,15.9,3,946,1,0,1
504648,18,0,22.4,7,21.05.21,10.08,0,318,2,1,1
504649,35,1,29.9,5,17.10.21,18.239,0,795,1,0,1
504650,36,1,30.8,1,28.09.21,30.8,1,1014,2,1,1
504651,50,0,41.9,2,29.07.21,16.341,2,419,1,1,1
504652,18,0,34.9,4,18.06.21,16.403,0,314,1,1,0
504653,17,0,34.1,5,04.11.21,19.437,1,649,0,1,1
504654,45,1,36.4,4,18.02.21,13.832,1,711,1,0,0
504655,19,0,47.5,4,01.11.21,45.125,0,912,0,0,0
504656,29,1,21.8,4,25.05.21,7.194,1,761,0,0,0
504657,59,1,33.7,1,11.03.21,33.7,0,652,0,0,0
504658,61,0,35.5,1,05.02.21,35.5,1,333,0,0,0
504659,21,1,30.8,5,25.01.21,24.948,2,688,3,0,0
504660,48,1,2.5,4,19.02.21,1.225,2,367,0,0,0
504661,42,1,30.9,5,07.02.21,23.484,0,524,1,0,1
504662,49,0,18.4,6,04.08.21,10.488,1,438,0,0,1
504663,19,1,10.2,1,07.04.21,10.2,0,237,0,0,0
504664,44,0,25.8,5,24.09.21,22.704,2,725,0,0,0
504665,48,1,13.9,1,30.09.21,13.9,3,956,0,0,0
504666,31,1,36.2,7,25.04.21,7.964,2,669,0,1,1
504667,49,1,35.9,5,16.01.21,31.951,1,840,1,1,0
504668,37,1,27.8,7,03.07.21,13.066,1,705,0,0,0
504669,26,1,56.5,5,20.12.21,4.52,1,450,3,1,0
504670,50,1,9.4,1,13.06.21,9.4,3,879,0,0,1
504671,59,0,11.8,1,18.06.21,11.8,0,565,0,1,0
504672,53,0,1.6,2,21.04.21,0.064,0,799,0,0,0
504673,36,0,38,6,07.10.21,29.26,3,752,2,0,0
504674,51,1,14.5,2,13.08.21,9.57,2,331,0,1,1
504675,20,1,1.9,6,19.04.21,1.216,3,652,0,0,0
504676,37,1,13.6,1,17.03.21,13.6,1,841,0,0,1
504677,37,0,16.5,4,24.08.21,11.55,0,586,0,0,0
504678,25,1,14.4,1,03.03.21,14.4,2,871,0,0,0
504679,26,1,28.8,4,08.02.21,28.224,1,930,0,1,0
504680,50,0,7.3,4,07.10.21,0.146,3,241,0,1,1
504681,63,1,25.9,4,21.08.21,3.108,3,1054,3,1,0
504682,47,1,26,2,01.09.21,15.86,2,525,0,0,1
504683,29,1,16.8,6,23.04.21,6.384,2,910,3,0,0
504684,52,1,38.9,4,12.05.21,10.503,1,1018,0,0,0
504685,20,1,36.3,2,29.07.21,20.691,1,908,3,0,1
504686,38,0,34.2,3,13.01.21,29.412,2,735,0,0,1
504687,16,1,11.9,6,30.11.21,3.332,1,793,0,0,0
504688,42,1,33.9,5,02.06.21,26.103,1,666,0,0,1
504689,24,0,9.6,6,07.09.21,9.024,1,984,0,0,0
504690,26,1,37.2,4,05.01.21,10.788,1,725,1,0,0
504691,35,1,13.4,5,06.04.21,7.504,0,670,0,0,1
504692,46,1,51.9,5,13.10.21,7.785,3,161,0,0,0
504693,50,1,2.6,2,16.11.21,0.416,3,829,0,1,0
504694,28,1,19.3,4,17.07.21,15.826,3,585,0,0,0
504695,40,1,21.5,5,27.02.21,5.59,2,844,3,0,1
504696,48,1,45.7,1,07.06.21,45.7,0,893,1,0,0
504697,53,1,16,3,29.01.21,10.72,2,629,1,0,0
504698,25,1,14.2,1,07.08.21,14.2,0,194,3,0,0
504699,58,0,32.3,2,07.12.21,0.323,1,230,0,0,0
504700,47,1,34.3,3,31.05.21,20.923,1,662,0,0,0
504701,39,1,30.3,4,15.01.21,9.999,1,619,0,0,0
504702,40,0,57.5,4,17.02.21,46.575,2,540,0,0,0
504703,20,1,9.7,3,29.08.21,7.663,2,245,0,0,0
504704,57,1,38.7,2,05.02.21,31.347,2,466,0,0,1
504705,44,0,33.6,1,04.04.21,33.6,2,879,0,0,1
504706,52,1,39.9,1,20.11.21,39.9,3,190,0,0,0
504707,23,1,25.3,5,11.09.21,3.542,3,682,0,0,0
504708,62,1,32.9,3,23.03.21,31.913,1,680,0,0,0
504709,49,1,35.6,5,18.03.21,21.716,3,580,2,0,1
504710,31,1,16.1,3,28.12.21,1.288,0,485,0,0,1
504711,56,1,18.8,5,02.09.21,8.648,0,771,1,0,0
504712,27,0,37.7,3,11.04.21,34.684,2,433,0,0,1
504713,60,0,8.6,6,11.09.21,6.192,0,254,0,1,0
504714,16,1,50.3,2,26.09.21,6.539,2,147,1,0,0
504715,57,1,39.5,2,23.04.21,33.97,1,129,0,0,0
504716,38,0,27.8,4,04.07.21,12.232,2,518,2,0,0
504717,29,1,3.7,4,07.02.21,0.629,0,438,0,0,0
504718,59,0,24,2,27.06.21,17.52,0,549,1,0,0
504719,56,1,32.2,3,22.05.21,26.404,3,659,3,0,0
504720,18,1,11.7,3,05.04.21,11.115,1,942,0,0,1
504721,47,1,9.4,5,19.04.21,7.896,1,1042,0,0,0
504722,34,0,19.4,3,31.01.21,8.342,2,427,1,0,0
504723,63,0,30.8,3,01.12.21,4.928,1,1058,1,0,0
504724,49,0,49.9,4,08.06.21,10.479,3,884,1,0,0
504725,47,1,18.2,5,22.04.21,14.924,2,316,0,0,0
504726,23,1,1.9,3,21.12.21,0.209,1,957,1,0,0
504727,46,0,13.9,5,02.06.21,11.676,1,687,1,0,0
504728,45,0,17.1,1,23.11.21,17.1,0,607,0,0,0
504729,25,1,42.9,4,20.01.21,15.444,1,376,0,0,1
504730,24,1,9.1,4,24.08.21,6.552,0,749,1,0,1
504731,23,1,16.7,4,21.02.21,10.02,2,639,0,1,0
504732,24,1,22.6,1,19.07.21,22.6,2,379,2,0,0
504733,63,1,28.7,2,16.12.21,7.462,1,562,1,0,0
504734,16,1,24.3,5,29.10.21,22.356,2,735,0,0,0
504735,29,0,41.1,4,21.05.21,24.66,3,522,0,0,0
504736,38,0,6.7,4,19.06.21,6.7,2,954,0,0,1
504737,58,0,11.3,3,19.03.21,6.554,3,545,3,0,0
504738,54,0,21.9,1,05.02.21,21.9,3,1021,0,0,0
504739,56,1,9.7,2,22.05.21,6.887,2,619,2,0,0
504740,55,1,2.5,3,10.06.21,1.6,0,463,0,0,0
504741,56,1,19.4,6,15.02.21,0.97,1,831,0,0,1
504742,40,1,44.3,7,24.11.21,19.049,3,959,0,0,1
504743,50,1,32.7,3,21.02.21,26.814,1,916,0,0,1
504744,39,1,11,6,15.01.21,10.56,1,899,0,0,0
504745,25,1,15.6,2,25.04.21,7.8,1,561,0,0,0
504746,19,1,44.5,1,20.11.21,44.5,1,1015,0,0,0
504747,39,1,38.9,1,14.06.21,38.9,2,547,0,0,0
504748,31,1,35.5,4,06.01.21,6.035,1,517,1,0,0
504749,50,1,33.1,6,10.05.21,18.205,0,883,0,0,0
504750,42,0,33.7,7,06.09.21,30.33,2,1080,1,0,0
504751,55,1,15.8,1,31.03.21,15.8,3,328,1,0,0
504752,58,0,12.4,5,05.03.21,10.044,3,734,1,0,0
504753,17,1,25.1,7,21.03.21,23.343,1,487,1,0,0
504754,30,1,38.9,7,10.04.21,10.114,3,154,0,0,0
504755,42,1,36.2,7,06.01.21,19.548,2,959,0,1,0
504756,54,1,1.1,4,18.06.21,0.737,0,586,0,0,0
504757,51,1,37.6,5,15.07.21,17.296,2,474,0,0,0
504758,25,1,35.6,7,25.07.21,25.632,2,243,0,0,0
504759,57,1,7,2,07.11.21,1.12,1,920,0,0,0
504760,21,1,17.9,1,05.12.21,17.9,0,482,3,0,0
504761,24,1,4.3,3,15.01.21,3.44,1,938,0,0,0
504762,41,1,35.3,7,24.12.21,12.355,0,361,0,0,1
504763,30,1,24.8,6,15.09.21,6.448,0,395,1,0,1
504764,50,1,3.8,1,18.04.21,3.8,3,299,0,0,0
504765,34,0,5.5,4,25.06.21,1.815,3,996,3,0,0
504766,34,1,22.2,2,22.11.21,8.436,1,687,3,1,0
504767,17,1,29.7,2,14.02.21,23.166,1,868,1,0,1
504768,40,1,58.5,6,08.09.21,32.175,0,139,0,1,0
504769,24,1,52.3,1,09.10.21,52.3,0,869,3,0,1
504770,16,0,7.7,7,22.01.21,1.617,3,221,0,0,1
504771,33,0,17.7,6,04.02.21,15.045,2,441,0,0,1
504772,33,1,56.9,4,30.11.21,1.138,1,553,1,0,1
504773,38,1,29.8,2,02.01.21,14.006,1,788,0,0,0
504774,40,0,30.9,5,12.04.21,15.141,3,613,3,0,0
504775,43,1,36.4,6,01.01.21,6.188,0,413,0,0,0
504776,26,1,31,3,01.12.21,13.02,0,162,0,0,0
504777,55,1,55.1,6,23.02.21,41.876,1,645,0,0,1
504778,34,1,9.3,3,07.10.21,0.558,0,925,0,0,0
504779,36,1,54.7,5,05.01.21,47.589,1,877,3,0,0
504780,43,1,33.5,2,30.12.21,30.15,0,1071,3,0,0
504781,53,1,10.6,7,08.07.21,4.982,1,888,0,1,1
504782,48,0,27,5,01.08.21,15.39,2,564,0,0,0
504783,27,1,10.3,2,13.08.21,9.27,1,471,3,1,1
504784,46,1,37.8,7,23.10.21,17.01,1,885,0,0,0
504785,46,1,18.6,4,30.11.21,18.414,1,856,0,0,1
504786,62,1,32.9,1,25.02.21,32.9,3,584,0,0,1
504787,41,1,45.9,5,08.01.21,33.507,0,631,1,0,0
504788,62,1,33.8,1,03.10.21,33.8,3,971,0,1,0
504789,42,0,33.6,2,29.05.21,7.056,1,964,0,0,0
504790,37,0,35.5,7,16.06.21,19.88,1,650,3,0,1
504791,52,0,11.5,3,10.05.21,7.475,1,152,0,0,0
504792,49,1,5.9,6,20.02.21,5.9,0,689,1,0,1
504793,23,1,0.7,2,23.05.21,0.182,3,986,0,0,0
504794,26,1,32.8,7,03.10.21,27.552,0,407,2,1,1
504795,46,1,8.5,1,15.05.21,8.5,2,140,1,0,0
504796,21,1,31.7,2,01.02.21,9.51,0,870,3,1,0
504797,46,0,27.2,3,22.07.21,27.2,0,161,1,0,0
504798,30,0,37.6,7,19.06.21,12.032,2,218,0,0,0
504799,25,1,9.4,6,30.03.21,8.836,3,469,1,0,0
504800,50,1,30.1,5,21.09.21,22.876,0,868,1,0,0
504801,40,1,31.7,4,05.09.21,30.749,3,1069,0,0,0
504802,61,1,35.9,4,26.11.21,31.592,3,213,1,0,0
504803,62,1,37.6,1,04.07.21,37.6,2,128,1,0,0
504804,56,1,14.1,5,29.05.21,2.538,0,968,3,0,0
504805,53,1,25.3,6,28.07.21,0.253,1,1017,1,0,0
504806,30,1,34.5,6,23.08.21,24.84,1,530,0,0,0
504807,33,0,44.7,5,10.11.21,19.221,1,900,0,0,0
504808,46,1,25.8,3,16.05.21,11.094,0,494,1,1,0
504809,26,0,27.6,7,22.10.21,11.04,2,965,0,1,0
504810,28,0,29.8,1,10.06.21,29.8,2,1048,0,0,0
504811,57,0,47.1,2,13.04.21,8.478,0,755,0,0,1
504812,25,1,13.9,3,25.04.21,8.757,0,845,0,0,1
504813,31,0,12,6,23.02.21,8.4,0,471,0,1,0
504814,39,1,29.6,5,20.08.21,18.648,0,192,2,0,0
504815,63,1,46.9,2,05.02.21,20.167,0,130,0,0,1
504816,18,0,58.1,7,12.04.21,4.067,3,828,1,0,0
504817,50,1,20.6,5,30.07.21,12.36,1,397,1,0,0
504818,62,1,39.4,7,28.07.21,17.73,0,634,2,0,0
504819,40,1,11.5,3,29.08.21,0.345,2,1062,1,0,1
504820,20,0,38.8,4,02.03.21,19.788,2,939,0,0,1
504821,43,0,50.9,1,15.12.21,50.9,1,653,0,0,1
504822,41,1,45.1,5,18.04.21,4.059,3,248,0,0,0
504823,56,1,46.9,5,16.04.21,23.45,0,175,3,0,1
504824,21,1,4.9,2,05.06.21,2.548,1,1074,0,0,0
504825,18,1,17.1,3,28.02.21,10.602,1,139,0,0,0
504826,41,1,36.6,7,16.09.21,21.228,1,262,0,0,0
504827,38,1,34.2,3,05.04.21,33.174,0,219,3,0,0
504828,34,1,11.7,7,14.11.21,5.265,0,475,3,0,0
504829,28,1,13.5,1,08.09.21,13.5,3,561,0,0,1
504830,20,1,39.3,3,14.06.21,29.082,0,979,3,0,0
504831,39,1,33.1,7,04.10.21,3.972,3,261,0,0,0
504832,40,1,22.8,4,20.11.21,5.244,1,319,3,0,0
504833,30,1,35.5,2,15.08.21,29.11,3,425,0,0,0
504834,38,1,29.2,1,20.08.21,29.2,2,266,1,0,0
504835,30,1,38.1,1,04.05.21,38.1,3,251,1,0,0
504836,16,0,0.9,1,14.04.21,0.9,1,310,0,0,0
504837,60,0,19.2,3,11.12.21,9.024,3,252,0,0,0
504838,37,1,11.4,6,22.07.21,5.928,3,1026,3,1,1
504839,47,0,1.6,3,10.12.21,0.128,0,220,0,1,1
504840,41,1,31.3,5,10.07.21,29.422,1,125,0,0,0
504841,23,0,17.7,1,07.08.21,17.7,0,985,0,0,0
504842,30,1,21.7,3,12.09.21,21.7,2,120,0,0,0
504843,22,0,35.6,3,29.08.21,11.392,3,763,0,0,0
504844,59,0,36.6,1,01.10.21,36.6,1,615,0,0,1
504845,57,0,38.9,3,29.05.21,32.676,1,158,0,1,0
504846,28,1,16.1,1,28.04.21,16.1,1,461,1,0,1
504847,31,1,39.4,3,04.04.21,23.246,1,383,3,0,0
504848,45,1,51.9,3,03.12.21,33.216,1,406,2,0,0
504849,35,1,1.1,4,24.02.21,0.077,1,316,1,0,1
504850,53,0,30.1,3,14.08.21,10.836,0,637,0,1,0
504851,62,0,35.1,2,16.02.21,18.954,2,496,1,0,0
504852,16,0,38.2,1,27.05.21,38.2,2,887,1,0,0
504853,51,0,36.9,2,10.06.21,25.83,0,1005,3,0,0
504854,24,1,38.9,7,10.12.21,9.336,1,733,0,0,1
504855,60,1,31.1,4,24.06.21,22.392,2,915,0,0,0
504856,34,0,8.2,1,31.01.21,8.2,1,451,1,0,0
504857,21,1,35.9,5,19.11.21,25.13,0,173,3,0,1
504858,61,1,21.7,3,02.08.21,12.803,0,316,0,0,1
504859,46,1,26.6,1,19.11.21,26.6,0,737,3,1,0
504860,30,1,2.6,5,12.07.21,2.08,3,839,0,0,0
504861,49,1,16.8,7,22.08.21,10.584,1,424,0,1,0
504862,52,1,11.8,3,15.11.21,11.092,3,902,1,0,0
504863,23,1,31.7,5,28.02.21,27.896,3,936,0,0,0
504864,21,1,18,5,14.05.21,6.84,2,474,0,0,0
504865,43,0,25.2,6,16.02.21,15.624,0,990,1,0,0
504866,21,0,38.1,5,09.03.21,22.098,0,386,0,0,0
504867,17,1,48.1,7,17.02.21,39.923,1,998,0,0,1
504868,51,1,6.9,2,23.05.21,1.794,2,973,3,0,0
504869,40,1,38.2,5,23.11.21,24.448,3,658,3,0,0
504870,40,0,24.3,4,03.02.21,18.225,3,1047,2,0,0
504871,47,0,35.7,1,22.06.21,35.7,3,640,1,0,0
504872,42,1,44.9,7,11.01.21,22.45,1,631,1,0,0
504873,45,1,47.9,7,22.01.21,20.597,1,1024,3,1,0
504874,61,1,42.5,1,06.08.21,42.5,2,1067,3,0,0
504875,36,0,3.7,4,16.03.21,0.962,2,920,0,0,0
504876,48,0,33.2,4,31.10.21,2.656,2,920,3,1,0
504877,52,1,28.1,7,27.12.21,7.306,1,688,0,0,0
504878,49,1,11.1,1,26.09.21,11.1,1,854,0,0,0
504879,62,1,12.9,4,07.03.21,12.9,0,220,1,0,0
504880,59,1,31.8,5,13.04.21,3.498,1,641,3,1,0
504881,21,1,23.1,1,08.05.21,23.1,0,510,1,0,0
504882,50,0,31.5,6,27.09.21,6.615,0,1047,2,0,0
504883,28,1,34.7,5,15.11.21,0.347,2,318,3,0,0
504884,39,1,33.5,4,12.12.21,7.035,1,761,0,0,0
504885,20,1,13.7,5,26.04.21,13.152,3,1051,0,0,1
504886,18,1,26.9,7,12.09.21,14.526,0,931,0,0,0
504887,30,0,30.9,5,08.11.21,0.927,0,628,0,0,1
504888,54,1,19,4,09.09.21,3.42,0,870,0,0,0
504889,59,1,37.8,5,01.04.21,30.996,2,526,0,0,0
504890,42,1,7.8,3,18.07.21,4.914,2,967,0,0,0
504891,21,1,33.4,2,24.11.21,25.718,0,518,1,0,0
504892,46,1,30.4,2,05.10.21,6.992,1,420,0,0,0
504893,61,0,33.2,7,23.05.21,29.88,3,249,0,0,0
504894,40,0,17.4,2,02.06.21,16.008,0,936,3,0,0
504895,43,0,6.6,4,28.07.21,1.848,2,610,1,0,0
504896,28,1,37.3,2,10.03.21,16.039,3,858,0,0,0
504897,46,1,21.8,6,15.01.21,10.246,3,906,0,0,0
504898,40,1,36.7,7,30.09.21,4.037,2,516,0,0,1
504899,62,1,32.5,7,28.04.21,32.175,1,561,1,0,1
504900,59,1,9.2,4,06.08.21,6.348,3,846,0,0,0
504901,46,1,36.8,7,28.01.21,0.368,0,884,0,0,1
504902,17,1,46.3,6,18.11.21,31.021,0,339,1,0,0
504903,29,1,18.7,4,11.12.21,17.017,3,586,0,0,1
504904,25,1,32,7,04.12.21,17.6,1,353,0,0,0
504905,21,1,35.8,1,27.01.21,35.8,1,422,0,0,0
504906,21,1,31.2,5,31.08.21,29.952,0,737,1,0,0
504907,44,1,34.1,2,09.11.21,13.299,3,782,1,0,0
504908,44,1,1.9,2,10.04.21,1.824,3,828,2,0,0
504909,20,1,37.2,4,26.01.21,20.832,0,426,3,0,0
504910,42,1,36.7,6,06.05.21,29.36,1,568,3,0,1
504911,58,0,59.5,7,08.04.21,17.85,0,288,3,0,0
504912,44,1,39.2,7,07.04.21,32.144,1,510,3,0,0
504913,62,0,18.6,1,18.07.21,18.6,0,780,2,0,0
504914,63,1,24.6,4,22.02.21,18.204,2,904,0,0,0
504915,44,0,38.7,3,05.11.21,4.257,1,403,0,0,0
504916,37,0,39.3,3,20.11.21,9.825,1,634,2,0,0
504917,54,1,14,4,31.01.21,5.6,2,170,0,0,0
504918,17,1,26.8,6,09.01.21,26.264,2,586,1,0,1
504919,34,0,11.2,4,03.03.21,9.52,2,194,0,0,0
504920,51,1,24.2,1,19.01.21,24.2,1,531,0,0,0
504921,51,0,39.7,5,10.02.21,9.131,1,569,0,0,0
504922,31,1,58.3,7,13.10.21,21.571,0,612,0,0,1
504923,52,1,10.9,5,29.03.21,3.597,3,181,1,0,1
504924,55,1,19.7,4,27.07.21,17.139,1,875,3,0,1
504925,61,1,59.7,1,31.12.21,59.7,2,391,0,0,0
504926,33,1,18.3,6,28.12.21,10.248,1,548,0,0,0
504927,51,1,12.5,6,15.08.21,4.875,3,300,0,0,0
504928,28,0,16.8,3,31.05.21,5.544,1,699,2,0,0
504929,45,1,37.7,6,11.09.21,30.914,3,1028,3,0,0
504930,60,1,2.7,4,24.08.21,1.512,0,513,3,0,0
504931,38,0,31,7,08.06.21,15.19,2,180,1,1,1
504932,61,0,11.9,7,11.03.21,7.497,3,919,1,0,1
504933,31,1,15.9,4,21.10.21,5.883,2,659,0,0,0
504934,28,1,1,2,13.09.21,0.66,2,222,0,0,0
504935,26,0,35.2,3,27.07.21,25.696,3,214,0,0,0
504936,54,1,54.1,7,28.05.21,43.821,2,713,0,0,1
504937,58,1,38.5,6,15.03.21,21.56,2,930,0,0,0
504938,61,1,24.6,5,08.06.21,16.974,0,444,0,0,0
504939,28,0,18.1,1,14.12.21,18.1,3,935,0,0,1
504940,52,1,3.4,7,11.05.21,1.258,0,209,0,0,0
504941,44,0,56.9,1,10.03.21,56.9,2,793,3,0,0
504942,33,0,51.1,2,27.12.21,22.484,2,433,0,0,1
504943,34,1,47.7,5,15.02.21,20.511,0,789,0,0,1
504944,46,1,4,2,05.08.21,1.36,2,626,0,0,1
504945,62,1,39.2,4,21.05.21,34.496,0,896,0,0,0
504946,55,1,46.9,2,21.06.21,38.927,1,414,0,1,0
504947,25,0,10.3,3,05.04.21,3.296,3,213,0,0,0
504948,35,0,5.6,4,08.01.21,2.968,2,330,0,0,0
504949,31,1,12,6,30.11.21,7.8,1,563,0,0,1
504950,57,1,27,3,04.11.21,9.45,2,650,0,0,1
504951,55,0,22.3,3,13.06.21,9.366,2,811,0,0,1
504952,54,1,16.4,2,29.03.21,1.64,0,971,2,1,0
504953,59,0,30.8,3,20.04.21,20.944,1,733,2,0,0
504954,58,0,35.5,7,08.12.21,30.53,3,140,0,0,0
504955,36,1,32.1,7,09.03.21,4.173,1,313,0,0,1
504956,62,1,36,6,22.07.21,29.16,1,676,1,0,0
504957,38,1,30.5,2,14.03.21,25.62,3,176,0,0,0
504958,63,1,49.3,2,16.06.21,14.79,2,621,0,0,1
504959,43,0,5.7,6,27.07.21,0.627,0,314,0,0,0
504960,23,0,19.8,7,13.04.21,2.97,0,826,0,0,1
504961,54,1,18.1,6,27.12.21,8.688,1,292,0,0,0
504962,23,0,12.5,3,05.02.21,10.625,1,523,0,0,0
504963,43,0,8.9,4,20.06.21,3.827,3,735,0,0,0
504964,31,0,24,5,31.12.21,21.12,1,503,3,1,0
504965,17,1,6.5,7,15.02.21,4.745,3,364,1,0,0
504966,18,0,50.5,3,27.07.21,25.755,1,310,0,0,0
504967,53,1,35.1,1,27.03.21,35.1,0,947,0,0,0
504968,28,0,2.3,7,12.10.21,0.529,2,419,0,0,1
504969,21,0,11.1,2,16.07.21,2.553,1,372,0,0,0
504970,43,1,2.9,3,23.05.21,1.682,0,428,1,0,0
504971,57,0,28.2,1,07.12.21,28.2,0,611,0,0,1
504972,49,1,37.8,1,17.04.21,37.8,1,619,0,0,0
504973,18,0,31,1,07.05.21,31,1,249,0,0,0
504974,33,0,6,3,16.08.21,3.72,2,1047,0,0,0
504975,38,0,12.9,5,18.08.21,3.225,3,743,0,0,0
504976,27,0,39.5,4,25.04.21,13.825,0,638,0,0,1
504977,21,1,32.6,1,19.04.21,32.6,1,675,0,0,0
504978,26,1,5.3,5,29.11.21,0.318,0,944,0,0,1
504979,32,0,36.9,6,29.04.21,29.889,2,871,0,0,0
504980,38,1,3.2,5,11.05.21,0.992,1,219,1,0,0
504981,56,1,34.7,5,26.05.21,21.861,1,556,1,0,1
504982,42,1,38.3,1,09.09.21,38.3,2,486,0,0,0
504983,41,1,2,2,02.04.21,0.56,0,884,0,0,0
504984,32,1,49.7,3,05.10.21,23.856,3,521,0,0,1
504985,45,0,11.9,7,03.08.21,3.927,1,833,0,0,0
504986,19,0,24.7,5,23.12.21,0.988,1,1076,0,1,0
504987,30,1,30.2,3,28.02.21,28.388,1,1078,0,0,0
504988,32,1,31.9,1,31.10.21,31.9,0,989,1,1,0
504989,17,1,30.9,6,22.09.21,8.961,3,463,1,0,0
504990,20,1,13,7,14.10.21,5.2,3,817,0,1,0
504991,42,1,40,2,03.10.21,35.2,1,489,0,0,0
504992,56,1,8.2,5,04.03.21,5.74,1,409,1,0,0
504993,35,1,31.7,2,08.10.21,7.608,0,751,3,1,0
504994,21,1,1.6,7,13.11.21,0.544,0,821,0,0,0
504995,30,1,19.7,5,27.11.21,7.88,2,1015,3,0,1
504996,63,0,41.9,6,17.09.21,4.19,2,177,0,0,0
504997,32,0,35.5,2,21.10.21,19.525,1,889,0,0,0
504998,30,1,4.3,2,18.05.21,1.118,3,494,0,0,0
504999,18,0,2.5,2,04.06.21,2.35,1,243,0,0,0
505000,32,0,39.8,4,21.06.21,31.442,1,904,0,0,0
505001,47,1,18.5,5,10.12.21,7.215,2,323,0,0,0
505002,22,0,35,5,19.05.21,10.5,1,589,0,0,0
505003,32,1,0.9,1,07.04.21,0.9,1,808,0,0,0
505004,25,0,20.4,6,13.09.21,11.628,0,979,3,0,1
505005,59,0,32.8,3,07.03.21,26.24,2,675,2,1,0
505006,37,1,6.9,1,21.08.21,6.9,0,136,2,0,1
505007,35,1,35.6,5,09.12.21,23.14,3,394,0,0,0
505008,23,1,8.4,6,26.11.21,0.924,2,509,0,0,1
505009,26,1,54.9,4,30.06.21,29.646,1,451,0,0,1
505010,47,1,17.4,7,21.12.21,7.134,0,285,0,0,0
505011,55,1,35.9,3,30.10.21,16.155,0,603,3,0,0
505012,46,1,8.8,5,25.07.21,0.704,0,514,1,0,0
505013,19,1,22.5,3,04.05.21,11.475,2,533,0,0,0
505014,47,1,30.2,2,05.12.21,20.536,3,989,1,0,0
505015,29,0,21.7,5,13.12.21,2.17,0,157,0,0,0
505016,39,1,10.5,7,06.05.21,3.78,3,221,0,0,0
505017,34,1,12,5,05.09.21,4.44,2,159,0,0,0
505018,58,1,30.3,5,24.10.21,15.15,1,290,2,1,0
505019,47,1,36.3,2,29.06.21,14.883,0,212,3,0,1
505020,45,1,47.7,6,18.07.21,25.281,0,637,0,0,1
505021,36,1,54.5,5,15.09.21,7.085,0,325,0,0,0
505022,47,0,31,1,27.01.21,31,2,403,3,0,0
505023,34,1,48.7,3,14.02.21,34.577,2,499,0,0,0
505024,53,1,36.4,7,01.08.21,24.388,3,919,1,0,0
505025,50,0,26.4,7,18.06.21,5.808,1,787,0,0,0
505026,31,1,0.8,6,21.02.21,0.416,0,1032,1,0,1
505027,17,0,55.9,5,18.02.21,5.59,0,305,1,0,0
505028,48,1,36.7,1,30.01.21,36.7,2,698,0,1,0
505029,38,1,36.7,6,25.09.21,33.397,2,904,1,0,0
505030,31,0,4.2,1,14.12.21,4.2,1,371,0,0,1
505031,34,0,7,3,12.03.21,2.03,3,512,0,0,0
505032,63,1,13.7,4,11.11.21,8.631,1,634,0,0,0
505033,28,1,6,5,11.04.21,4.2,2,979,2,0,1
505034,40,1,2.5,2,14.05.21,1.05,1,400,0,0,0
505035,55,1,34.3,7,10.05.21,9.947,1,185,0,0,1
505036,50,1,50.7,3,29.06.21,4.056,3,1036,0,1,0
505037,51,1,19.6,7,06.06.21,15.68,1,533,0,0,0
505038,41,1,35.3,6,30.05.21,6.707,0,261,3,0,0
505039,23,1,55.3,3,30.11.21,55.3,0,477,0,0,0
505040,23,1,33.5,4,26.10.21,2.68,2,306,3,0,1
505041,54,0,8.5,1,23.05.21,8.5,1,345,0,0,1
505042,16,1,16.8,4,14.02.21,14.448,0,158,3,1,0
505043,49,0,23.8,2,20.05.21,19.516,3,697,0,1,0
505044,36,0,31.3,4,13.03.21,28.796,1,674,0,0,1
505045,29,1,26,4,11.11.21,16.9,0,662,0,0,0
505046,35,1,54.3,6,10.08.21,45.612,0,240,0,0,0
505047,24,0,15.3,6,15.05.21,10.557,1,487,0,0,0
505048,43,1,34.1,5,05.02.21,3.751,3,344,1,0,0
505049,41,1,41.7,7,21.07.21,32.109,1,963,0,1,0
505050,40,0,51.1,4,05.02.21,33.215,3,1074,0,0,1
505051,19,0,15.2,1,20.05.21,15.2,3,576,0,0,1
505052,46,1,13.7,1,26.01.21,13.7,1,176,0,1,0
505053,43,1,38.3,4,23.09.21,22.214,3,132,0,0,0
505054,42,1,35.9,4,21.07.21,3.949,0,539,0,0,0
505055,43,1,33.8,5,24.06.21,26.026,3,1001,0,0,1
505056,60,0,57.7,6,05.04.21,46.737,1,984,0,1,0
505057,33,1,25.1,2,15.01.21,9.287,1,379,2,0,1
505058,32,1,37.7,2,09.04.21,2.639,0,539,0,0,0
505059,30,1,38.3,7,21.01.21,3.064,2,292,0,0,1
505060,50,1,28.4,1,01.01.21,28.4,2,530,0,0,0
505061,34,1,38.4,6,06.12.21,35.712,1,567,0,0,1
505062,17,1,54.7,5,19.12.21,14.222,2,247,0,1,0
505063,44,1,47.7,1,26.01.21,47.7,2,506,0,0,0
505064,24,1,27.3,1,15.10.21,27.3,2,677,0,0,0
505065,63,1,6.3,5,19.12.21,1.701,0,402,3,1,0
505066,41,0,2,7,17.02.21,0.06,1,413,0,0,0
505067,22,1,11,5,25.08.21,5.39,0,727,0,0,0
505068,40,1,22,4,26.11.21,15.4,1,228,0,0,0
505069,33,0,14.1,5,11.02.21,2.397,2,471,3,0,0
505070,55,1,30.5,5,23.09.21,13.725,1,261,0,1,1
505071,61,1,52.9,7,26.07.21,42.32,0,954,0,0,1
505072,39,1,36.3,3,04.08.21,9.801,2,630,0,1,0
505073,23,0,15.4,3,05.08.21,13.552,2,280,2,1,0
505074,61,1,4.8,7,18.09.21,0.144,2,993,0,1,0
505075,37,1,5.3,1,26.10.21,5.3,0,695,1,0,0
505076,52,1,32.2,7,14.02.21,29.624,2,337,2,1,0
505077,56,0,38.4,7,17.11.21,14.592,1,922,3,0,1
505078,52,1,38,2,17.12.21,4.18,2,122,0,1,0
505079,38,0,3.1,4,30.03.21,1.023,3,403,3,1,1
505080,18,1,39.3,7,15.05.21,5.895,1,477,0,0,0
505081,24,1,33.4,5,16.09.21,2.338,1,174,0,0,0
505082,33,0,47.7,5,26.05.21,26.235,2,874,0,0,0
505083,19,1,1.5,3,19.12.21,1.275,1,369,2,1,0
505084,61,1,26.9,7,21.05.21,17.754,2,847,0,0,0
505085,29,1,5.5,2,24.12.21,1.815,3,773,0,0,0
505086,36,1,14.2,2,27.08.21,1.704,1,692,0,0,0
505087,63,1,1.7,7,20.08.21,0.204,3,323,0,0,0
505088,26,1,29,2,02.12.21,1.45,3,520,1,0,0
505089,59,1,36.2,2,25.08.21,1.81,0,374,2,0,0
505090,17,1,33.1,3,15.07.21,20.853,3,177,0,0,1
505091,53,1,21.9,1,10.12.21,21.9,1,270,3,0,1
505092,18,0,37.5,6,03.06.21,6.75,1,1046,1,1,1
505093,49,1,38.5,1,30.07.21,38.5,0,535,0,0,0
505094,43,0,33.3,6,03.06.21,29.637,2,278,1,0,1
505095,45,1,36.6,1,15.03.21,36.6,0,839,0,1,0
505096,63,1,7.4,5,05.06.21,1.776,3,208,0,0,0
505097,16,1,1.6,2,16.04.21,1.456,1,943,3,0,1
505098,17,1,38.7,7,10.02.21,10.449,3,540,1,0,1
505099,38,1,3,6,06.07.21,2.16,0,665,0,0,0
505100,42,1,19.8,4,01.04.21,10.098,2,432,0,0,0
505101,32,0,2.2,5,21.08.21,1.518,1,719,1,0,1
505102,23,0,23.5,3,07.01.21,4.935,0,343,0,1,1
505103,59,0,31.3,5,29.07.21,29.109,2,575,1,0,0
505104,58,1,32.7,5,18.02.21,24.198,0,807,0,0,0
505105,53,1,58.7,2,14.04.21,39.916,1,930,3,0,0
505106,28,1,34,2,12.07.21,1.02,1,354,0,0,0
505107,56,1,18.5,3,11.10.21,1.11,2,530,0,0,1
505108,55,0,48.3,5,13.05.21,42.504,1,809,2,0,0
505109,19,1,21.6,1,30.08.21,21.6,3,821,0,0,1
505110,60,0,19.3,5,21.02.21,17.37,0,593,0,0,0
505111,63,1,28.4,6,13.06.21,23.004,1,145,1,1,0
505112,53,1,34.5,2,08.03.21,27.945,0,768,0,0,0
505113,54,1,3.6,7,13.04.21,3.384,1,715,1,0,0
505114,61,1,33,7,14.08.21,2.31,1,676,1,0,1
505115,57,1,40,7,04.12.21,35.2,2,368,2,0,1
505116,43,0,39.8,1,01.03.21,39.8,1,1049,0,0,1
505117,51,1,33.3,5,02.03.21,32.634,1,859,1,0,1
505118,20,1,11.8,7,05.11.21,10.856,0,1029,0,0,1
505119,56,0,30.4,7,14.04.21,3.04,0,141,0,0,0
505120,55,1,9.7,7,28.12.21,6.111,0,869,0,0,0
505121,34,1,41.1,7,07.01.21,20.961,3,934,1,0,1
505122,51,0,38.7,1,12.11.21,38.7,3,511,0,0,0
505123,42,0,32.1,4,15.03.21,23.433,0,767,0,0,1
505124,41,1,25.7,6,26.09.21,24.672,0,584,0,0,0
505125,55,0,28.3,3,18.09.21,16.414,0,691,0,0,0
505126,20,0,54.3,4,21.04.21,42.354,2,898,0,0,1
505127,29,1,41.3,7,05.07.21,28.084,2,680,2,0,0
505128,38,1,45.1,1,08.08.21,45.1,0,455,0,1,0
505129,47,0,39.6,4,17.02.21,19.8,1,312,0,0,0
505130,49,0,59.9,7,31.12.21,2.995,3,448,0,1,0
505131,31,0,34.6,3,01.08.21,17.3,1,957,0,1,0
505132,59,1,54.9,6,31.05.21,50.508,1,397,0,0,0
505133,21,0,36.8,6,07.07.21,19.504,0,978,0,0,0
505134,17,1,25.1,4,13.06.21,21.586,3,167,0,1,0
505135,39,1,36.5,2,09.07.21,10.22,1,260,0,0,0
505136,29,0,5.8,3,07.02.21,3.306,2,964,1,1,0
505137,32,0,2.8,7,21.09.21,0.196,3,628,0,0,0
505138,21,0,24.1,4,09.12.21,9.881,2,701,0,0,0
505139,42,1,39,5,03.02.21,8.19,2,717,2,0,1
505140,18,1,22,1,23.06.21,22,1,887,0,0,1
505141,55,1,50.9,6,26.06.21,34.103,0,761,1,0,0
505142,21,0,40.1,6,24.01.21,25.664,1,170,0,0,0
505143,27,1,58.7,4,21.09.21,32.285,2,1025,1,0,0
505144,26,1,59.5,5,31.10.21,35.7,2,916,3,0,1
505145,49,0,30.4,5,09.07.21,26.752,0,943,0,0,0
505146,19,1,33,1,02.04.21,33,1,710,0,0,1
505147,40,1,18.8,7,14.01.21,6.956,0,163,0,1,0
505148,32,1,38.1,6,09.02.21,9.144,1,921,0,0,0
505149,16,1,6.9,1,03.09.21,6.9,1,383,0,0,1
505150,18,0,31.4,4,07.03.21,18.526,0,519,1,0,0
505151,37,1,30.1,6,02.03.21,27.993,0,272,2,0,0
505152,41,1,17.1,7,12.05.21,12.654,2,124,0,1,1
505153,33,0,13.2,1,01.06.21,13.2,3,1002,0,1,1
505154,55,1,28.7,1,12.09.21,28.7,2,928,1,0,0
505155,45,1,11.4,7,02.04.21,0.684,0,843,0,0,1
505156,53,0,52.3,3,27.08.21,12.552,3,996,1,0,0
505157,40,1,11.2,7,16.03.21,3.92,2,952,0,0,0
505158,54,0,46.9,5,29.04.21,14.539,2,868,0,1,1
505159,39,1,8.2,1,20.12.21,8.2,0,899,0,0,0
505160,49,1,55.9,2,09.02.21,34.099,0,934,3,0,1
505161,57,1,30.7,4,10.11.21,15.964,1,825,0,1,0
505162,30,1,19.7,2,13.01.21,14.184,0,835,0,0,0
505163,51,1,54.3,2,15.10.21,12.489,0,405,1,0,0
505164,54,0,37.7,6,25.09.21,7.54,2,960,1,0,0
505165,29,1,36.3,2,13.08.21,28.677,0,385,0,0,0
505166,34,0,48.9,7,31.01.21,4.89,3,196,0,0,0
505167,61,1,45.9,5,01.10.21,33.507,0,826,0,0,0
505168,46,1,17.4,7,26.09.21,4.176,1,339,1,0,0
505169,25,1,27.3,5,23.03.21,24.024,1,366,3,0,0
505170,20,1,0.8,5,07.10.21,0.528,2,693,0,1,0
505171,45,1,22.4,7,27.04.21,10.976,2,787,0,0,1
505172,18,1,14.9,4,21.06.21,12.665,2,1018,0,1,0
505173,31,1,16.9,1,17.03.21,16.9,1,391,0,0,1
505174,58,1,32.6,2,16.10.21,13.692,3,863,0,0,1
505175,49,1,23,3,09.12.21,8.74,0,142,0,0,1
505176,18,1,51.1,5,29.05.21,42.413,2,521,3,1,0
505177,37,0,26.8,7,05.05.21,14.472,1,246,0,1,1
505178,33,1,14.9,2,14.02.21,12.367,0,614,1,1,0
505179,62,0,31.2,2,29.12.21,5.304,2,163,1,0,0
505180,44,1,34.1,2,18.11.21,31.372,2,207,0,1,0
505181,26,0,23.1,6,01.08.21,14.091,1,1009,0,0,1
505182,46,1,55.9,2,24.06.21,38.571,0,944,1,0,0
505183,54,0,10.4,7,08.01.21,10.192,1,228,1,0,0
505184,31,1,31.5,2,18.10.21,30.87,2,232,0,0,0
505185,39,1,29.7,1,30.04.21,29.7,0,682,0,0,1
505186,45,1,33.7,6,17.01.21,22.916,0,653,0,0,0
505187,50,1,38.6,5,14.12.21,2.316,1,290,1,0,0
505188,41,1,18.7,3,15.01.21,0.561,0,689,2,0,0
505189,17,1,30.5,7,11.02.21,22.265,0,1077,1,0,0
505190,22,1,30.4,1,19.07.21,30.4,1,134,0,0,0
505191,25,1,11.1,7,08.01.21,1.665,1,460,3,0,0
505192,31,1,5.1,4,07.02.21,3.774,3,454,3,0,0
505193,59,0,33.1,7,15.03.21,15.226,2,735,1,0,0
505194,20,1,14.5,7,22.12.21,6.235,2,455,0,0,1
505195,26,0,43.9,6,18.06.21,24.584,0,868,0,0,1
505196,17,0,33.3,1,25.05.21,33.3,2,584,0,0,0
505197,22,0,59.1,2,03.07.21,41.37,3,563,0,0,0
505198,54,1,37.9,5,08.01.21,26.151,0,688,3,1,0
505199,59,0,15.5,6,30.12.21,12.09,2,489,3,0,0
505200,17,1,34.1,3,18.06.21,6.138,3,315,0,0,1
505201,54,0,54.7,6,18.10.21,27.897,1,515,0,1,1
505202,48,1,35.7,3,31.01.21,1.785,2,996,0,0,0
505203,16,1,35.2,6,15.11.21,28.864,2,205,0,0,0
505204,58,0,41.5,4,08.04.21,26.975,1,771,0,0,0
505205,27,0,40.9,4,26.06.21,24.949,1,582,0,0,0
505206,58,1,32.3,2,19.06.21,16.796,1,758,0,1,0
505207,31,1,39,7,28.12.21,32.37,0,1055,0,0,0
505208,49,1,30.6,2,19.08.21,25.398,1,541,0,0,0
505209,50,1,7,6,25.06.21,4.62,0,482,3,0,1
505210,23,0,4.9,1,12.12.21,4.9,1,913,0,0,1
505211,45,0,36.1,1,22.09.21,36.1,0,1063,1,0,0
505212,26,0,52.9,1,30.01.21,52.9,1,656,0,0,0
505213,60,0,6.1,1,17.10.21,6.1,0,161,0,0,0
505214,32,1,11.9,1,22.05.21,11.9,0,745,0,0,0
505215,42,1,6,4,25.09.21,4.08,3,476,0,0,1
505216,49,1,35.3,1,22.05.21,35.3,2,1076,3,0,0
505217,39,1,1.3,2,30.10.21,0.039,1,741,0,0,0
505218,37,1,20.8,5,26.09.21,18.512,1,872,0,0,0
505219,50,0,10.3,2,21.02.21,3.09,0,564,3,0,0
505220,35,1,37.3,5,14.03.21,5.595,3,377,1,0,1
505221,43,1,50.3,6,11.04.21,17.102,3,1019,0,0,0
505222,24,0,8.3,1,19.04.21,8.3,0,843,0,0,1
505223,24,1,2.7,2,11.05.21,2.187,0,907,1,0,1
505224,32,1,39.7,6,15.08.21,2.779,3,355,1,0,1
505225,23,0,16.1,6,25.11.21,7.245,2,722,1,0,0
505226,27,1,28.7,3,22.06.21,3.444,3,734,0,0,0
505227,30,0,29.4,1,30.10.21,29.4,1,244,1,0,0
505228,49,1,58.3,4,14.04.21,8.745,0,723,0,0,0
505229,40,1,22,1,29.11.21,22,0,424,0,0,0
505230,22,1,7.4,3,17.08.21,3.7,3,1054,3,0,0
505231,57,1,28.1,3,09.10.21,1.686,1,891,3,0,0
505232,35,0,21,1,03.07.21,21,2,1003,0,0,1
505233,26,0,3.5,6,30.07.21,0.42,0,864,1,0,1
505234,36,0,27.8,5,04.12.21,8.34,3,443,1,0,1
505235,21,1,58.9,3,13.03.21,50.065,2,990,2,0,1
505236,58,1,5.8,1,13.08.21,5.8,0,778,1,1,1
505237,56,0,4.8,7,25.04.21,0.24,0,752,0,1,0
505238,25,1,31,5,20.07.21,12.71,1,825,0,0,1
505239,23,1,17.3,6,24.05.21,13.84,3,1049,0,0,0
505240,21,1,1.8,1,26.11.21,1.8,1,232,0,0,0
505241,23,0,25.2,5,30.03.21,21.42,0,506,0,0,0
505242,47,1,32.7,1,12.12.21,32.7,1,829,0,0,0
505243,57,1,28,4,09.10.21,3.64,1,461,0,0,0
505244,54,0,16.6,2,10.10.21,6.972,1,391,0,0,0
505245,42,0,17,4,29.03.21,11.73,0,169,0,0,0
505246,40,1,9,5,27.01.21,7.2,0,714,2,0,0
505247,42,0,47.7,3,06.12.21,23.85,0,447,0,0,0
505248,58,1,16.2,2,26.08.21,2.268,3,444,0,0,1
505249,61,1,14.6,1,22.10.21,14.6,1,538,3,0,1
505250,39,1,14,1,16.01.21,14,2,940,0,0,0
505251,47,1,5,4,15.08.21,3.7,2,198,0,0,1
505252,30,1,26.2,6,02.12.21,9.956,1,366,0,0,0
505253,53,1,33.7,2,03.07.21,19.883,0,393,0,0,1
505254,52,0,34.5,2,08.11.21,15.18,2,780,0,1,1
505255,57,1,28.5,4,13.12.21,8.265,0,889,1,0,0
505256,31,1,28.9,6,01.10.21,9.248,2,842,0,0,0
505257,63,0,13.2,4,18.05.21,3.432,1,505,0,0,0
505258,53,1,19.5,5,24.01.21,11.115,1,748,0,0,0
505259,45,1,57.7,3,06.03.21,3.462,1,377,0,0,0
505260,59,0,37.5,6,22.06.21,15.75,3,472,0,0,0
505261,44,1,2.6,4,09.02.21,1.456,0,441,1,0,1
505262,16,1,31.9,1,31.03.21,31.9,0,360,2,0,0
505263,58,0,32.9,3,20.11.21,23.03,2,332,2,0,0
505264,37,0,28.5,1,18.10.21,28.5,3,416,2,1,0
505265,52,1,27.4,4,18.01.21,11.782,1,125,1,0,0
505266,53,1,55.5,5,24.10.21,42.735,0,447,0,1,0
505267,20,0,38.1,6,22.05.21,27.432,0,237,1,0,0
505268,46,0,26.4,3,03.09.21,12.936,2,293,0,0,0
505269,20,0,29.1,7,10.10.21,21.243,2,378,0,0,0
505270,31,0,20.9,1,30.07.21,20.9,1,542,0,0,0
505271,43,1,27.8,7,28.09.21,17.792,0,728,1,0,0
505272,45,1,52.3,6,22.12.21,0.523,1,299,1,0,0
505273,40,1,21.3,6,02.02.21,5.751,1,375,1,0,0
505274,47,1,8.1,7,01.11.21,0.81,3,741,0,0,1
505275,22,0,23.2,6,08.10.21,20.88,2,382,0,0,0
505276,42,1,39.2,1,06.07.21,39.2,0,440,0,0,0
505277,30,0,11.4,1,28.02.21,11.4,3,307,0,0,1
505278,61,1,34.5,2,11.04.21,10.695,0,354,1,1,1
505279,36,0,7.5,1,22.07.21,7.5,1,842,0,0,0
505280,32,0,53.5,7,11.06.21,49.755,1,454,1,0,0
505281,57,0,28.7,1,07.12.21,28.7,2,547,3,0,1
505282,37,1,17.4,1,19.02.21,17.4,1,298,3,1,0
505283,60,1,19.2,1,16.03.21,19.2,3,146,0,0,0
505284,36,1,56.7,7,25.08.21,28.35,1,229,0,0,0
505285,22,1,42.7,6,01.04.21,24.339,3,455,0,0,0
505286,30,0,30.7,2,16.03.21,23.946,2,419,0,0,0
505287,59,1,3.4,3,24.05.21,2.618,0,647,0,0,0
505288,58,1,41.5,7,02.07.21,18.26,1,884,0,1,0
505289,60,1,32.4,2,01.10.21,29.16,3,280,1,0,0
505290,32,0,44.1,5,20.01.21,20.286,2,947,2,1,0
505291,43,1,52.9,3,21.03.21,36.501,0,710,1,0,1
505292,23,1,20.5,1,02.07.21,20.5,0,481,0,1,0
505293,32,1,31.8,7,15.02.21,15.582,2,842,3,0,1
505294,41,0,35.5,7,03.06.21,3.905,2,401,0,0,0
505295,21,1,1.3,1,01.06.21,1.3,2,224,0,0,1
505296,48,1,14.3,5,03.04.21,5.434,0,500,0,0,0
505297,43,0,36.7,5,28.05.21,5.505,1,157,1,0,1
505298,50,1,7.3,1,10.06.21,7.3,2,949,0,0,1
505299,62,1,25.3,7,10.03.21,24.288,2,348,0,0,0
505300,57,0,2.5,5,31.01.21,1.85,3,338,3,0,0
505301,21,0,37.1,4,22.09.21,36.358,3,675,0,0,0
505302,24,0,5.2,5,30.11.21,2.444,1,1052,0,1,0
505303,36,0,17.3,1,24.05.21,17.3,3,640,2,0,1
505304,27,1,37.3,2,24.03.21,11.19,1,639,0,0,0
505305,46,1,32.4,4,11.12.21,0.324,1,224,0,0,0
505306,50,1,38.7,7,15.04.21,23.607,0,547,0,0,1
505307,61,1,32.1,1,14.10.21,32.1,2,222,1,0,0
505308,58,1,31.7,4,04.01.21,27.579,0,993,1,0,0
505309,45,1,14.5,7,07.02.21,8.555,3,748,0,1,1
505310,46,0,30.5,7,16.09.21,29.28,1,968,2,0,0
505311,53,1,34.5,4,15.08.21,31.05,1,862,1,0,0
505312,48,1,34.3,7,16.01.21,15.778,3,535,0,0,1
505313,40,0,38,1,17.12.21,38,2,675,1,1,0
505314,52,0,4.8,3,04.06.21,3.888,3,765,1,1,1
505315,25,0,2,7,06.12.21,1.12,0,620,0,0,1
505316,27,1,37.3,6,27.03.21,23.499,2,979,1,0,1
505317,43,1,36.3,1,19.02.21,36.3,0,407,1,0,0
505318,37,1,18.5,2,13.12.21,14.615,2,660,1,0,1
505319,28,0,28.4,3,12.04.21,1.42,0,292,0,1,0
505320,45,1,30.3,1,30.01.21,30.3,1,480,0,0,1
505321,62,0,33.3,2,02.04.21,12.321,1,747,0,0,0
505322,19,0,16.9,6,01.06.21,2.704,1,856,0,0,0
505323,27,1,30,5,07.12.21,9.6,2,157,0,1,1
505324,38,1,51.1,3,11.05.21,10.731,2,163,0,0,0
505325,31,1,46.5,5,17.01.21,3.255,2,1006,2,0,0
505326,36,1,26.2,5,22.05.21,22.794,2,737,0,1,0
505327,60,1,2.8,4,07.07.21,1.232,1,526,0,0,0
505328,17,1,13,7,20.10.21,2.21,0,985,3,0,0
505329,54,0,33.5,5,06.07.21,10.385,0,944,0,1,0
505330,33,1,9.6,3,25.02.21,0.288,2,922,0,0,0
505331,35,0,50.5,7,26.09.21,12.625,2,255,0,0,1
505332,58,1,7.6,5,01.12.21,2.584,2,429,1,0,0
505333,39,1,14.3,6,08.09.21,7.579,2,604,0,0,1
505334,59,1,34.4,1,19.01.21,34.4,2,577,0,0,0
505335,32,0,31.3,2,30.07.21,23.162,1,189,0,0,0
505336,53,1,13,5,06.12.21,10.66,0,858,1,1,1
505337,57,1,59.5,6,25.03.21,17.255,3,1051,0,0,0
505338,26,1,3,6,18.05.21,0.09,1,125,0,0,0
505339,50,1,22.5,3,15.03.21,13.5,0,773,0,0,0
505340,48,0,7,3,24.01.21,5.18,0,268,0,0,0
505341,47,1,37.6,7,30.03.21,4.136,2,941,0,1,1
505342,48,1,51.3,1,14.12.21,51.3,1,837,1,1,0
505343,54,0,40.1,5,11.01.21,39.298,1,704,0,0,1
505344,29,1,2.4,4,13.10.21,0.336,0,856,0,1,0
505345,16,0,34.3,3,06.02.21,21.609,1,438,1,0,1
505346,62,0,1.4,6,19.05.21,0.294,2,833,1,1,0
505347,19,1,37.1,5,31.12.21,8.904,1,593,0,1,1
505348,31,1,20.7,6,28.11.21,1.449,2,639,0,0,0
505349,30,1,10.5,7,06.06.21,8.61,0,897,3,0,0
505350,60,1,6.7,7,27.06.21,5.695,3,180,0,0,0
505351,43,1,37.6,5,26.12.21,7.896,2,745,3,0,0
505352,17,0,37.9,6,23.07.21,7.58,2,894,1,0,0
505353,37,1,51.1,1,07.03.21,51.1,0,637,0,0,0
505354,34,1,23.5,3,21.11.21,11.515,0,267,0,0,0
505355,20,0,7.3,2,04.07.21,0.365,0,137,0,0,1
505356,62,0,39.9,6,08.03.21,34.314,1,320,0,0,0
505357,41,0,6.2,6,29.07.21,5.704,2,429,0,0,0
505358,26,0,55.7,4,27.11.21,31.192,1,731,3,1,0
505359,58,0,5,5,01.01.21,1.45,1,284,0,0,0
505360,22,1,55.1,6,05.07.21,18.734,1,297,3,0,0
505361,63,1,40.3,3,04.06.21,35.061,1,910,0,0,0
505362,30,1,9.3,5,18.07.21,5.487,2,771,1,0,0
505363,33,1,4,2,27.07.21,3.56,1,168,0,0,0
505364,50,0,8.3,6,08.10.21,2.905,2,519,0,0,0
505365,60,1,28.3,3,11.07.21,1.415,3,151,0,0,0
505366,47,1,33.9,2,27.01.21,18.645,1,1052,0,0,0
505367,60,1,25.1,4,17.12.21,7.279,1,289,0,0,0
505368,55,1,41.9,1,03.01.21,41.9,1,926,1,0,0
505369,20,0,34.5,6,18.02.21,9.315,0,301,3,0,0
505370,29,1,17.3,4,10.03.21,5.017,2,1042,0,0,0
505371,56,0,11.4,6,27.01.21,8.094,0,328,3,0,0
505372,36,0,30.5,7,17.03.21,19.52,3,265,0,0,1
505373,51,1,36,3,01.06.21,7.2,1,674,3,0,1
505374,32,1,29.4,7,23.05.21,1.47,1,1023,0,0,0
505375,41,1,26.8,6,30.04.21,25.728,2,901,0,1,0
505376,22,0,6.6,2,22.09.21,5.412,2,983,0,0,1
505377,37,1,30.2,4,22.08.21,12.986,0,584,0,0,0
505378,42,0,40,3,21.07.21,29.6,0,171,2,0,1
505379,46,0,8.9,5,19.01.21,8.9,1,651,0,1,0
505380,35,1,0.9,2,03.05.21,0.576,1,781,0,0,0
505381,25,1,11.2,6,06.11.21,7.728,1,187,2,0,0
505382,28,0,59.3,6,04.02.21,51.591,3,1036,1,0,1
505383,29,0,41.1,3,15.01.21,15.207,2,432,0,1,0
505384,25,0,22.5,5,21.05.21,12.825,0,572,3,0,0
505385,17,1,47.9,7,30.11.21,42.631,0,656,1,0,0
505386,20,1,0.9,5,08.02.21,0.432,0,439,1,1,0
505387,48,1,39.2,4,13.12.21,20.384,0,515,2,0,0
505388,22,1,26.3,7,07.01.21,25.248,0,805,0,0,0
505389,39,0,39.7,2,06.06.21,11.513,3,804,1,0,0
505390,39,0,5,7,25.09.21,0.95,0,1001,0,0,1
505391,58,1,26.3,7,18.05.21,7.101,0,852,1,0,0
505392,21,0,37.9,1,16.04.21,37.9,0,711,0,0,0
505393,24,0,32.2,7,13.07.21,17.066,3,579,0,0,0
505394,53,1,36.8,5,15.02.21,20.608,0,453,1,0,0
505395,16,0,15,1,05.07.21,15,1,474,0,1,0
505396,24,1,31.9,1,10.09.21,31.9,1,1069,0,0,1
505397,22,1,34.7,5,20.12.21,4.164,2,351,1,0,0
505398,35,1,33.7,4,08.12.21,27.297,1,454,0,0,0
505399,54,0,59.3,3,06.04.21,59.3,0,496,0,0,1
505400,47,1,15.5,7,02.11.21,4.03,2,149,0,0,0
505401,17,1,56.9,1,21.05.21,56.9,2,216,3,1,0
505402,48,0,58.7,1,30.10.21,58.7,2,833,0,0,0
505403,43,0,46.9,7,09.10.21,22.981,2,549,0,0,0
505404,36,1,55.1,7,20.07.21,50.692,3,214,0,1,0
505405,60,1,26.8,4,10.08.21,21.976,0,170,0,1,0
505406,29,0,19.8,4,24.11.21,8.118,2,879,3,0,0
505407,31,1,21.3,3,24.02.21,7.668,1,1048,3,0,1
505408,24,0,31.1,1,02.12.21,31.1,0,840,3,0,0
505409,26,0,40,3,04.12.21,29.2,1,123,0,0,0
505410,61,0,21.6,5,29.09.21,18.36,0,1044,0,0,0
505411,19,1,2.7,2,10.12.21,0.324,0,557,0,0,0
505412,29,0,37.9,2,01.01.21,5.685,2,628,0,0,0
505413,40,1,18.6,6,22.12.21,1.302,1,422,1,0,0
505414,46,1,11.1,4,26.07.21,3.885,0,852,3,1,0
505415,22,0,24.4,1,21.09.21,24.4,3,753,0,0,0
505416,52,1,56.3,5,18.06.21,32.091,1,774,0,1,0
505417,27,0,15,2,24.06.21,5.85,3,293,0,0,0
505418,41,0,26.9,6,12.07.21,15.602,0,514,3,0,0
505419,41,0,13.6,4,10.05.21,12.784,3,840,0,0,0
505420,53,1,34.1,5,12.11.21,9.548,0,790,0,0,0
505421,60,1,8.6,7,04.06.21,2.064,2,601,0,0,0
505422,61,1,5.1,5,22.03.21,2.805,1,495,0,0,0
505423,40,0,50.9,5,26.11.21,44.792,0,833,0,0,0
505424,48,1,35.6,7,08.06.21,29.904,1,344,0,0,0
505425,57,1,2.4,7,14.11.21,1.584,0,607,0,0,0
505426,40,1,38,2,12.11.21,7.6,2,182,1,0,0
505427,63,0,18,6,16.04.21,0.36,0,201,0,1,0
505428,56,1,35.5,6,12.01.21,12.07,1,898,0,0,1
505429,52,1,36.9,4,20.12.21,19.188,1,702,0,0,0
505430,48,1,35.1,3,12.10.21,17.199,1,147,1,0,0
505431,33,0,34.2,5,01.07.21,24.282,3,570,1,0,0
505432,19,0,34.1,1,08.10.21,34.1,2,566,2,0,0
505433,31,1,36.3,1,28.12.21,36.3,1,594,3,0,1
505434,49,1,16.2,7,14.09.21,8.424,0,655,0,1,0
505435,30,1,45.7,4,24.09.21,14.167,0,226,1,0,0
505436,35,1,40.5,4,01.09.21,8.505,0,1025,0,0,0
505437,41,1,36.6,1,15.02.21,36.6,1,894,0,0,0
505438,52,1,39.1,3,04.06.21,19.55,1,290,1,0,0
505439,30,0,30,4,20.10.21,7.8,1,863,1,0,0
505440,52,1,49.7,6,12.11.21,0.497,1,521,3,0,0
505441,44,1,47.3,3,23.11.21,21.285,2,207,0,0,1
505442,48,0,12.6,6,16.06.21,1.638,0,930,0,0,0
505443,22,0,48.3,1,29.07.21,48.3,0,263,2,0,0
505444,45,1,29.4,1,03.08.21,29.4,2,375,1,0,0
505445,30,1,28.8,3,13.10.21,28.224,1,396,0,0,0
505446,22,1,18.3,5,17.10.21,8.784,1,790,0,0,1
505447,25,1,31.9,7,03.03.21,6.699,1,217,1,1,0
505448,56,1,16.9,5,10.10.21,10.309,3,235,0,0,0
505449,23,1,27.5,4,10.01.21,22.825,1,433,0,0,0
505450,43,0,39.9,2,22.06.21,26.334,0,861,1,1,0
505451,32,1,9.3,6,18.08.21,8.742,0,935,0,1,0
505452,37,1,51.5,2,17.01.21,2.06,1,877,1,0,1
505453,39,0,32.4,6,24.12.21,22.356,0,687,0,0,0
505454,19,1,33.3,3,05.06.21,5.994,2,537,0,0,0
505455,41,1,31.3,5,27.06.21,15.337,2,320,0,0,0
505456,52,1,52.7,4,22.06.21,47.957,0,713,3,0,1
505457,31,1,27.4,5,21.12.21,4.384,2,985,3,0,0
505458,44,0,0.7,6,13.01.21,0.532,0,920,0,0,0
505459,22,0,36.3,1,08.05.21,36.3,2,736,1,0,0
505460,40,0,36.1,7,02.10.21,22.021,0,228,0,0,0
505461,25,0,21.8,6,23.07.21,1.744,1,165,0,0,0
505462,28,1,56.5,5,14.02.21,8.475,0,968,0,0,0
505463,31,1,16.5,2,25.02.21,14.685,1,504,0,0,0
505464,41,0,30.9,1,13.06.21,30.9,0,394,1,0,0
505465,48,1,45.3,3,28.10.21,24.462,1,683,1,0,0
505466,16,1,32.6,3,06.11.21,4.564,2,335,0,0,0
505467,40,1,8.6,4,06.03.21,2.494,2,968,0,0,1
505468,50,1,39.9,3,19.05.21,4.389,1,751,1,0,0
505469,27,0,18.2,2,20.07.21,4.732,1,468,0,0,0
505470,48,1,42.7,6,19.06.21,38.003,1,949,1,0,0
505471,30,0,35.5,5,22.05.21,14.2,2,136,1,0,0
505472,62,1,27.9,7,02.01.21,3.627,2,717,2,0,0
505473,63,0,26.6,4,04.12.21,23.408,1,822,0,0,0
505474,54,1,50.3,2,01.01.21,20.12,0,172,0,0,0
505475,21,1,44.7,5,27.08.21,8.94,1,489,2,0,0
505476,56,1,55.9,3,19.09.21,5.031,0,174,0,0,0
505477,29,0,33.9,7,04.12.21,17.628,3,901,1,0,0
505478,46,1,39.9,4,20.09.21,4.389,0,373,0,0,0
505479,57,1,35.5,3,24.02.21,19.88,1,856,3,0,0
505480,41,1,56.7,7,01.09.21,47.061,3,169,0,0,0
505481,62,0,22.7,2,17.02.21,18.614,0,150,0,1,0
505482,59,0,21.8,6,10.02.21,20.928,2,700,0,0,0
505483,46,1,9.6,5,03.01.21,7.68,1,585,0,0,0
505484,35,0,33.1,3,22.04.21,25.818,0,954,0,1,1
505485,59,1,22.3,5,08.07.21,12.934,1,286,3,0,0
505486,32,1,49.3,3,12.03.21,16.762,1,946,0,0,0
505487,59,0,20.1,3,18.08.21,16.482,2,672,0,0,0
505488,24,0,6.3,4,18.12.21,2.079,3,349,0,0,0
505489,17,1,25.8,6,20.09.21,4.902,3,966,0,1,0
505490,49,1,16.8,6,28.11.21,6.552,0,722,3,0,1
505491,58,1,18.9,4,15.01.21,7.182,3,251,0,0,0
505492,43,0,36,5,01.03.21,4.68,0,143,1,0,1
505493,27,1,8.8,4,09.05.21,6.6,2,254,2,0,0
505494,30,1,38.1,1,26.09.21,38.1,2,1042,0,0,1
505495,35,0,36.3,6,23.06.21,28.677,1,367,0,1,0
505496,24,1,27.6,4,07.07.21,18.216,0,306,0,0,0
505497,29,1,22.6,2,27.06.21,13.108,0,248,0,0,0
505498,23,1,0.8,2,19.08.21,0.744,1,1030,1,0,0
505499,17,1,20.3,6,19.06.21,4.466,2,896,0,0,0
505500,50,0,30,1,04.01.21,30,3,757,0,0,1
505501,46,1,30.1,3,17.10.21,3.01,0,872,0,0,0
505502,50,0,55.3,4,18.06.21,14.378,0,312,1,0,0
505503,44,1,41.7,4,16.01.21,22.101,0,822,0,0,0
505504,62,0,10.2,2,09.05.21,8.568,1,816,0,1,1
505505,50,1,19.8,4,17.09.21,0.792,0,474,3,0,1
505506,26,1,26.5,7,15.06.21,19.345,3,543,3,0,0
505507,48,0,38.7,3,12.11.21,15.48,3,861,0,0,0
505508,48,0,31.2,6,06.01.21,27.144,1,753,1,1,0
505509,52,1,9.7,6,07.06.21,7.081,2,623,0,1,1
505510,22,1,1.3,2,08.01.21,1.274,1,162,0,0,0
505511,36,1,38.1,2,12.07.21,14.097,0,941,1,0,0
505512,20,1,9.6,4,18.04.21,8.928,0,168,0,1,1
505513,17,1,23.2,4,12.01.21,21.576,1,633,0,0,0
505514,19,1,30.9,2,15.03.21,25.647,3,884,0,0,0
505515,45,1,38.3,4,12.05.21,13.405,0,785,0,0,0
505516,28,1,20.9,4,21.12.21,17.765,3,311,0,0,1
505517,63,0,9.5,3,17.12.21,5.985,0,155,1,0,0
505518,20,1,41.3,5,26.12.21,20.237,3,790,0,0,0
505519,31,0,37.1,5,05.02.21,15.211,1,341,0,1,0
505520,53,1,38.4,5,24.06.21,13.824,2,415,0,0,0
505521,63,1,25.4,1,23.07.21,25.4,0,933,0,0,0
505522,18,1,55.7,4,12.10.21,45.674,2,998,0,0,0
505523,60,0,33.1,5,21.05.21,30.452,3,146,0,0,1
505524,42,0,32.2,2,08.02.21,22.54,3,298,0,0,0
505525,26,1,50.9,3,03.01.21,31.558,2,338,0,0,0
505526,23,1,48.5,2,24.04.21,16.005,2,271,1,0,0
505527,29,1,45.1,4,09.04.21,6.765,1,435,3,0,0
505528,49,1,5,7,14.11.21,3.2,1,890,3,0,0
505529,20,1,51.5,7,25.04.21,25.75,2,923,0,0,0
505530,29,1,37,4,06.01.21,8.88,0,819,0,0,0
505531,42,0,32.6,4,21.06.21,11.41,0,1001,0,0,0
505532,39,1,10.3,6,22.02.21,10.197,0,150,0,0,0
505533,27,1,55.9,7,06.09.21,15.652,2,555,0,0,0
505534,33,1,34.4,2,01.07.21,28.208,2,802,0,1,0
505535,53,0,7.1,3,25.09.21,4.615,3,199,0,0,0
505536,52,0,26.5,2,21.11.21,17.49,1,316,0,0,1
505537,20,1,5.1,6,08.03.21,1.377,1,798,0,0,0
505538,52,1,39.9,6,15.12.21,17.556,2,688,3,0,1
505539,32,0,38.1,7,17.03.21,23.622,2,552,3,1,0
505540,24,1,35.1,1,11.01.21,35.1,3,190,0,0,0
505541,36,1,30,4,02.11.21,16.2,2,1034,1,0,1
505542,42,0,56.5,4,30.01.21,10.735,1,879,2,0,0
505543,56,1,36.9,5,07.05.21,33.948,2,583,3,0,0
505544,36,1,9.3,7,20.07.21,6.231,2,828,0,0,1
505545,46,1,45.5,6,04.09.21,35.945,0,300,3,0,0
505546,57,1,39.5,6,24.03.21,8.295,3,282,3,0,1
505547,21,1,30.6,7,02.04.21,10.71,1,650,3,0,0
505548,56,0,41.5,1,23.08.21,41.5,1,910,0,1,1
505549,47,1,39.9,3,22.01.21,9.177,0,883,1,0,0
505550,50,0,16.8,7,04.09.21,7.392,0,952,0,0,0
505551,57,0,3.3,1,18.10.21,3.3,2,934,0,0,1
505552,32,1,11.5,3,22.03.21,7.705,2,1006,0,1,0
505553,16,1,32,6,24.03.21,4.16,0,891,0,0,0
505554,32,1,38.1,4,08.09.21,29.718,3,1064,0,0,0
505555,55,1,20.3,4,17.09.21,10.759,2,856,3,0,0
505556,28,1,45.1,4,28.04.21,4.059,2,1006,0,0,0
505557,62,0,35.4,5,21.07.21,3.186,2,379,0,0,0
505558,57,1,38.1,3,17.07.21,5.715,3,459,0,0,0
505559,57,0,38.6,4,17.12.21,23.16,0,1015,1,0,0
505560,61,1,35.6,1,19.06.21,35.6,2,835,0,0,0
505561,31,1,2.4,5,02.07.21,1.488,0,577,0,0,0
505562,61,1,39.8,3,14.11.21,21.492,2,775,0,0,0
505563,49,1,11.5,2,14.03.21,2.645,0,539,1,0,0
505564,29,1,20.3,2,09.11.21,11.368,0,783,3,0,0
505565,39,0,30.7,4,22.03.21,16.885,3,143,0,0,1
505566,20,0,28.5,5,16.07.21,0.285,3,206,0,0,0
505567,45,1,10.1,2,21.08.21,5.757,3,944,0,0,0
505568,42,1,19.9,3,19.09.21,19.104,0,1066,1,0,0
505569,43,0,33.7,1,09.02.21,33.7,1,901,1,0,0
505570,17,1,33,3,07.01.21,31.35,0,969,1,1,0
505571,40,1,22.5,6,12.07.21,21.15,2,1050,0,0,1
505572,59,0,30.7,5,21.04.21,9.21,0,273,0,0,0
505573,38,1,30.1,3,27.06.21,5.117,3,1045,0,0,0
505574,30,1,36.9,2,06.12.21,29.151,1,497,3,0,0
505575,19,1,3.9,3,06.10.21,0.585,1,658,0,0,1
505576,59,0,51.3,6,09.09.21,34.884,0,215,1,0,1
505577,37,1,12.1,5,22.09.21,3.509,0,483,0,0,0
505578,47,1,20.8,4,17.07.21,18.928,0,622,0,0,0
505579,42,1,17.1,2,28.08.21,5.13,2,781,0,0,0
505580,45,1,30.7,3,07.07.21,10.745,0,838,0,1,0
505581,50,1,29.3,2,02.06.21,11.427,3,684,0,0,0
505582,47,1,31.8,5,16.07.21,5.406,1,562,0,0,1
505583,43,1,30.3,1,10.08.21,30.3,0,712,0,0,0
505584,47,1,35.3,3,26.09.21,23.298,3,748,1,0,0
505585,60,1,59.9,1,07.07.21,59.9,1,1024,0,0,1
505586,39,1,19.2,4,16.03.21,18.624,3,635,0,0,0
505587,60,1,39.6,5,29.08.21,31.284,1,951,0,0,0
505588,37,1,24.4,7,14.08.21,6.344,1,526,0,0,0
505589,57,1,30.3,2,01.01.21,2.424,1,623,0,0,0
505590,41,0,1.9,3,14.09.21,0.304,2,434,1,0,0
505591,39,1,38.2,2,13.05.21,14.134,1,845,0,0,0
505592,36,1,15.6,1,27.11.21,15.6,1,467,0,0,0
505593,37,1,29.8,7,30.01.21,0.894,2,880,0,0,0
505594,39,1,35.7,7,29.06.21,1.428,0,507,0,0,0
505595,41,1,12.9,4,13.07.21,1.806,2,397,3,0,0
505596,57,0,31.8,5,18.02.21,2.226,1,594,0,0,0
505597,23,1,47.5,7,17.01.21,13.3,3,473,3,0,0
505598,46,0,31.7,2,31.12.21,4.438,3,975,0,0,0
505599,40,0,0.7,7,30.08.21,0.042,2,144,0,0,1
505600,38,1,48.5,4,27.06.21,26.675,3,871,0,0,0
505601,33,1,13,4,01.01.22,3.9,1,353,0,0,1
505602,22,0,32.7,4,13.01.21,0.654,1,243,0,0,0
505603,40,1,37.5,3,05.07.21,15.75,1,1076,2,0,0
505604,47,0,36.7,3,15.03.21,10.276,2,122,3,0,0
505605,25,1,35.6,3,13.02.21,2.848,0,557,0,0,0
505606,38,1,50.1,2,08.11.21,43.587,1,975,0,0,1
505607,24,1,6.8,1,30.04.21,6.8,3,690,3,0,1
505608,46,1,26.3,1,23.04.21,26.3,3,439,1,0,1
505609,48,0,28.9,6,11.09.21,19.941,2,270,0,0,1
505610,58,1,53.1,4,20.04.21,10.089,1,212,1,0,0
505611,39,1,52.3,5,03.06.21,45.501,0,588,0,0,0
505612,50,0,25.2,5,17.09.21,9.576,3,748,0,0,0
505613,32,1,51.1,3,22.10.21,29.638,2,278,0,0,0
505614,23,1,12.8,4,25.01.21,8.32,0,828,0,0,0
505615,31,1,41.7,4,10.08.21,30.858,2,755,0,0,0
505616,23,1,47.3,6,08.01.21,8.514,2,272,0,0,0
505617,19,1,39.8,7,05.09.21,23.084,3,360,1,1,0
505618,35,1,38.9,4,13.06.21,24.118,1,454,3,0,0
505619,25,1,6.4,5,22.12.21,6.272,0,559,0,0,0
505620,32,1,42.3,2,31.12.21,12.267,1,646,0,0,0
505621,20,1,3.4,1,01.11.21,3.4,1,603,3,0,0
505622,47,1,2.8,4,14.10.21,1.54,0,761,0,0,1
505623,35,0,8,5,30.08.21,0.48,2,204,0,1,1
505624,33,1,36.1,3,14.01.21,3.971,0,442,0,0,0
505625,20,0,1.5,5,22.01.21,0.24,1,398,1,0,1
505626,40,1,33,7,24.09.21,12.87,3,691,0,0,0
505627,25,1,39.9,3,13.05.21,16.758,0,553,1,0,0
505628,38,0,9.4,6,02.12.21,7.52,2,943,0,0,0
505629,52,1,32.1,1,17.11.21,32.1,0,930,0,1,0
505630,55,1,22.9,2,01.12.21,15.801,2,420,2,0,0
505631,41,1,51.3,1,26.10.21,51.3,0,965,1,0,0
505632,31,0,38.4,2,27.02.21,21.504,0,990,0,0,0
505633,31,0,48.3,3,12.05.21,25.599,1,993,1,0,0
505634,47,1,35.4,4,17.01.21,0.708,2,1048,0,1,0
505635,29,1,33.1,5,17.04.21,19.86,1,729,0,0,0
505636,41,1,7.8,4,24.11.21,1.794,2,366,3,0,1
505637,42,1,29.1,7,15.05.21,18.333,1,562,3,0,0
505638,31,0,29.8,3,03.12.21,13.708,1,345,0,0,0
505639,52,0,31.5,7,12.10.21,0.945,3,879,3,0,1
505640,62,1,43.7,2,28.08.21,27.968,1,901,0,0,0
505641,31,0,33.3,7,30.07.21,30.636,2,405,0,1,0
505642,26,1,22.6,1,14.11.21,22.6,0,268,0,0,0
505643,20,0,32.7,7,12.05.21,23.871,0,137,0,0,0
505644,57,1,28.3,5,31.10.21,18.961,2,607,0,0,0
505645,56,0,58.3,1,26.01.21,58.3,2,493,1,0,0
505646,23,1,2.2,5,24.07.21,0.11,1,313,1,0,0
505647,49,1,13.7,1,19.03.21,13.7,0,997,0,0,0
505648,63,0,34.6,5,27.04.21,17.3,0,1042,0,0,0
505649,23,0,37.2,2,06.10.21,4.836,0,401,0,0,0
505650,28,1,59.7,1,14.12.21,59.7,3,180,0,0,1
505651,61,1,36.4,5,12.04.21,34.216,2,766,0,1,0
505652,61,1,30.5,2,08.04.21,10.675,1,273,0,0,1
505653,59,1,58.5,1,23.01.21,58.5,2,1045,1,0,0
505654,35,1,3.3,2,31.12.21,0.495,3,290,0,0,0
505655,16,0,39.4,6,25.11.21,24.822,3,968,0,0,0
505656,51,1,30.1,7,17.10.21,3.612,2,1020,3,0,1
505657,34,1,43.1,4,05.08.21,9.913,3,697,3,0,0
505658,39,1,17.6,7,10.03.21,15.664,1,781,1,0,0
505659,44,1,37.9,5,30.12.21,37.521,2,910,3,0,0
505660,26,1,33.9,2,11.01.21,28.476,1,865,0,0,0
505661,25,0,35,7,21.01.21,27.65,3,653,1,0,0
505662,28,1,14.2,6,25.01.21,11.786,3,574,0,0,0
505663,38,1,26.9,5,28.02.21,2.152,0,639,2,0,0
505664,58,0,44.7,2,09.03.21,12.516,1,715,0,0,0
505665,16,1,12.8,1,27.02.21,12.8,1,739,1,0,1
505666,60,0,7,7,25.10.21,3.57,3,220,1,0,0
505667,53,0,43.3,1,18.08.21,43.3,2,531,0,0,0
505668,42,0,24.5,4,28.10.21,6.125,1,435,0,0,0
505669,50,1,13.9,2,24.06.21,7.228,3,165,0,0,0
505670,51,1,20.4,4,06.04.21,7.956,0,925,0,0,0
505671,28,1,59.7,7,22.06.21,45.969,0,137,0,1,1
505672,50,1,21.2,5,28.08.21,0.424,0,793,0,0,0
505673,52,1,30.8,4,10.01.21,26.488,1,1058,1,0,1
505674,19,0,50.7,5,22.08.21,15.21,1,126,0,0,0
505675,31,1,37.6,5,04.08.21,4.888,3,613,1,0,0
505676,50,1,30.4,3,31.05.21,26.144,2,701,0,0,0
505677,37,1,32.6,7,19.06.21,13.04,1,614,0,0,0
505678,33,1,34.2,4,26.05.21,23.94,1,189,1,0,0
505679,25,0,55.7,5,02.05.21,8.355,3,823,0,0,0
505680,34,1,10.1,2,07.04.21,0.101,0,928,1,1,0
505681,55,0,37.4,6,05.04.21,30.668,0,650,0,0,0
505682,21,0,33,2,09.10.21,29.04,0,614,3,0,0
505683,29,1,9.8,2,30.10.21,5.39,3,166,2,0,1
505684,18,1,30.8,6,13.04.21,6.468,2,127,1,0,0
505685,56,0,44.7,7,03.07.21,31.737,0,248,1,0,1
505686,48,1,3.2,1,18.02.21,3.2,2,145,2,0,0
505687,40,1,37.3,3,05.10.21,36.554,0,646,0,0,0
505688,23,0,29.1,2,09.03.21,16.005,2,768,0,0,0
505689,21,1,40.5,7,03.11.21,4.05,1,379,0,0,0
505690,50,1,33.4,5,07.08.21,13.026,2,839,0,1,0
505691,20,1,31.6,7,11.10.21,13.904,0,480,3,0,0
505692,23,0,4.3,4,06.02.21,1.376,1,1004,1,0,1
505693,21,0,14.3,4,24.06.21,6.292,3,1016,0,0,0
505694,26,1,22.7,2,28.03.21,4.994,1,657,1,0,0
505695,50,1,39.3,6,30.10.21,28.689,1,267,1,0,0
505696,34,1,40.7,5,27.03.21,11.396,0,287,0,0,0
505697,42,1,6.7,2,24.02.21,4.154,1,892,0,0,1
505698,30,1,38.6,6,21.03.21,27.02,1,922,1,0,0
505699,24,1,16.6,1,28.05.21,16.6,2,481,0,1,0
505700,54,0,3.2,4,31.08.21,1.952,1,863,0,0,0
505701,17,1,38.8,1,19.06.21,38.8,0,381,3,0,0
505702,29,1,1.4,2,20.12.21,0.91,3,989,0,1,0
505703,51,1,59.3,4,15.08.21,44.475,0,393,1,0,0
505704,17,1,57.3,5,03.12.21,16.044,3,438,0,0,0
505705,34,1,4.9,5,25.12.21,4.704,3,997,0,0,0
505706,23,1,21.3,7,21.08.21,11.076,1,873,0,1,0
505707,55,1,28,7,17.04.21,8.12,3,369,0,0,0
505708,24,1,42.7,5,01.03.21,36.295,1,942,0,0,0
505709,49,1,23.2,4,11.01.21,2.552,1,808,0,0,1
505710,56,0,35.6,1,22.03.21,35.6,2,1047,2,1,0
505711,19,0,17.5,4,31.08.21,17.5,1,175,0,0,0
505712,43,1,33.9,2,31.05.21,3.39,0,944,1,0,0
505713,20,1,1.9,6,25.09.21,1.311,3,633,1,0,1
505714,37,1,10.5,6,30.11.21,2.205,1,903,0,0,1
505715,33,1,2.9,6,02.06.21,1.972,3,616,1,0,0
505716,19,0,24,6,12.08.21,6,2,831,0,0,0
505717,26,1,16.1,4,19.08.21,6.44,1,503,3,1,1
505718,54,1,52.1,1,16.08.21,52.1,0,1071,0,0,0
505719,16,0,26.4,5,26.07.21,22.968,2,1040,0,0,1
505720,32,1,38.9,2,21.04.21,29.175,1,413,1,0,1
505721,44,0,38.5,2,20.09.21,31.57,1,586,0,0,0
505722,51,1,30.4,1,19.02.21,30.4,0,1062,0,0,0
505723,57,1,47.1,3,07.01.21,25.905,2,927,0,0,1
505724,34,0,39.9,3,13.05.21,38.304,0,1013,0,0,0
505725,42,0,10,3,09.08.21,8.9,1,692,0,0,0
505726,62,0,31.4,5,30.07.21,17.584,1,882,0,0,1
505727,57,1,50.1,7,23.03.21,49.098,1,888,0,1,0
505728,26,1,56.7,6,29.11.21,4.536,1,1079,0,0,1
505729,61,0,33.5,7,31.07.21,3.015,1,564,0,0,0
505730,30,0,23,4,06.06.21,1.61,0,201,2,0,0
505731,56,1,36.1,7,18.03.21,6.498,1,386,3,0,0
505732,56,0,17.7,4,19.10.21,1.416,3,680,0,0,1
505733,42,1,20.3,3,19.09.21,0.406,2,581,0,0,1
505734,38,0,40,5,11.12.21,2,0,910,0,0,1
505735,26,1,33.5,2,30.04.21,2.68,0,176,1,0,0
505736,39,1,7.5,1,07.07.21,7.5,1,219,0,0,1
505737,52,1,37,3,25.02.21,29.6,3,198,0,0,1
505738,28,0,40.1,6,20.07.21,9.223,0,933,0,1,0
505739,57,1,32.9,6,27.05.21,16.45,0,603,1,0,0
505740,53,1,34.6,7,31.12.21,1.73,1,576,1,0,0
505741,57,1,35.3,7,15.07.21,25.769,3,397,1,0,0
505742,16,1,33.7,5,09.03.21,22.579,2,126,3,1,0
505743,43,0,38.4,4,27.06.21,34.176,1,959,0,0,0
505744,31,1,8,4,22.01.21,4.88,1,310,0,0,0
505745,32,1,52.3,6,14.10.21,31.903,3,963,0,0,1
505746,52,1,41.3,5,20.09.21,26.432,2,766,0,1,0
505747,38,1,4,4,25.09.21,1.96,0,855,2,0,0
505748,41,1,22.9,5,10.05.21,11.679,2,833,0,0,0
505749,16,1,36.4,5,27.11.21,18.928,1,247,0,0,1
505750,26,1,37.9,3,10.10.21,17.434,2,161,0,0,0
505751,28,1,33.3,3,17.02.21,1.998,0,721,3,0,0
505752,54,0,25.5,1,21.01.21,25.5,0,726,2,1,0
505753,27,1,18.2,3,29.05.21,1.456,3,1060,1,0,0
505754,21,1,48.7,4,20.05.21,36.038,3,730,0,0,0
505755,33,1,36.3,3,23.01.21,9.801,2,122,0,1,1
505756,56,1,34.5,4,13.11.21,14.835,2,912,0,1,1
505757,24,1,55.1,5,23.10.21,36.917,0,911,0,0,0
505758,29,1,25.3,4,06.03.21,14.674,2,594,2,0,0
505759,34,1,31,3,01.02.21,23.87,3,384,0,0,0
505760,36,1,4.9,4,05.09.21,4.214,0,813,0,0,0
505761,32,1,11,6,31.12.21,9.24,2,573,3,0,1
505762,47,1,36.2,1,26.07.21,36.2,2,664,1,0,0
505763,48,1,30.1,7,15.11.21,3.913,0,210,2,0,0
505764,29,0,36.2,1,10.11.21,36.2,2,332,0,0,0
505765,40,1,36.1,2,09.04.21,23.104,2,202,0,0,0
505766,39,1,34.9,6,10.01.21,21.638,3,746,1,0,0
505767,25,1,1.5,3,13.04.21,0.975,2,132,0,1,1
505768,21,1,29.7,1,16.12.21,29.7,0,166,1,0,0
505769,25,1,52.7,6,23.06.21,34.255,0,414,1,0,0
505770,25,1,24.9,2,28.12.21,5.727,1,905,1,1,0
505771,44,1,50.9,2,07.08.21,2.545,1,870,1,0,0
505772,16,1,15,3,27.01.21,0.45,2,1013,0,0,0
505773,23,0,44.1,6,12.08.21,40.131,2,179,0,0,0
505774,39,1,8.6,7,08.08.21,7.998,0,725,0,0,0
505775,49,1,36.1,2,30.08.21,3.971,0,551,0,0,0
505776,52,1,33,5,07.12.21,17.82,0,374,1,0,0
505777,51,1,31.9,3,01.02.21,16.907,1,151,0,0,0
505778,49,1,5.3,6,12.08.21,3.498,2,805,2,0,1
505779,27,1,36,3,21.08.21,29.16,0,487,0,1,0
505780,23,0,32.9,3,19.07.21,29.61,1,693,2,0,1
505781,31,1,48.9,2,11.08.21,44.499,1,587,2,0,0
505782,44,1,3,3,18.07.21,2.04,3,444,1,0,0
505783,19,0,36.9,4,20.12.21,30.996,1,454,2,0,1
505784,30,1,40.7,5,20.12.21,38.258,1,178,2,0,0
505785,54,1,13.7,3,07.04.21,5.48,0,226,1,1,0
505786,41,1,25.6,6,08.02.21,18.688,1,941,0,0,0
505787,60,1,17,6,05.02.21,4.42,0,464,0,0,0
505788,35,1,31.6,1,12.05.21,31.6,1,1029,1,0,0
505789,16,1,21.3,1,06.01.21,21.3,1,1004,3,0,0
505790,51,1,33.9,3,12.11.21,15.255,0,467,3,0,0
505791,41,1,32.8,4,27.04.21,21.32,0,819,0,0,1
505792,51,1,12.1,6,28.06.21,9.68,1,962,3,0,1
505793,33,1,20.6,1,14.08.21,20.6,1,1007,0,0,1
505794,48,1,37.3,6,16.11.21,13.801,2,251,2,0,0
505795,55,1,1.3,2,12.06.21,0.845,3,721,0,1,1
505796,19,1,30.7,7,31.10.21,3.991,3,229,0,0,0
505797,33,0,21.2,2,16.12.21,7.42,1,289,0,0,0
505798,29,0,40.9,6,19.05.21,10.634,0,974,0,1,0
505799,54,1,34.4,6,12.09.21,9.976,2,208,2,0,0
505800,23,0,20.3,3,25.03.21,1.421,3,975,1,0,1
505801,36,0,19,2,25.08.21,17.1,1,567,3,0,0
505802,53,1,13.4,1,29.10.21,13.4,2,343,0,0,1
505803,52,1,25.9,4,27.05.21,25.123,2,643,0,1,0
505804,62,1,0.5,5,26.12.21,0.175,3,393,0,0,1
505805,26,1,9.8,4,02.01.21,2.254,2,781,1,0,0
505806,18,0,3,4,29.07.21,1.11,0,187,0,0,0
505807,44,1,33,2,06.02.21,30.03,0,736,0,0,0
505808,49,0,42.9,7,05.10.21,5.577,0,427,3,0,0
505809,59,1,33.8,4,22.10.21,7.774,2,761,0,0,0
505810,58,1,8.4,2,05.12.21,6.132,3,318,0,0,1
505811,56,0,30.3,1,12.02.21,30.3,1,908,0,0,0
505812,48,1,39.5,1,02.07.21,39.5,0,216,0,0,0
505813,63,0,38.8,3,18.05.21,3.492,2,963,0,0,0
505814,57,0,28.2,5,29.06.21,23.688,1,680,3,1,1
505815,47,1,39,6,31.10.21,35.1,1,911,3,0,0
505816,37,1,26.4,4,21.12.21,26.4,0,439,0,0,0
505817,49,0,31.9,2,03.01.21,5.742,2,307,0,1,0
505818,58,0,20.4,2,16.02.21,0.612,2,472,0,0,0
505819,63,1,44.1,4,01.09.21,11.025,0,374,1,0,0
505820,61,0,23.2,5,20.04.21,17.168,1,790,1,0,0
505821,25,1,31.7,7,04.06.21,28.847,1,890,0,0,1
505822,32,1,3.1,4,19.08.21,2.728,0,393,0,1,0
505823,23,1,57.9,1,23.10.21,57.9,0,181,0,0,0
505824,36,1,7.4,2,29.06.21,6.364,2,958,0,1,1
505825,57,1,14.8,4,02.03.21,9.768,2,827,3,0,1
505826,35,1,59.1,2,31.03.21,24.231,1,210,1,1,0
505827,51,1,38.3,7,17.05.21,4.213,0,995,0,0,1
505828,59,1,22.8,1,20.02.21,22.8,3,242,0,0,0
505829,56,1,32.7,6,16.06.21,0.654,2,262,0,0,0
505830,17,1,59.9,3,24.08.21,3.594,0,1049,0,0,0
505831,45,1,33.2,6,25.01.21,24.568,0,966,0,0,0
505832,50,0,32.6,4,13.09.21,12.062,1,229,0,0,0
505833,30,1,49.1,7,31.12.21,7.856,2,453,0,0,1
505834,52,1,4.5,7,15.01.21,3.87,2,137,1,1,0
505835,63,0,16.8,2,19.02.21,5.88,3,523,0,0,0
505836,51,1,47.5,6,28.10.21,17.575,1,857,3,0,1
505837,50,1,4.9,4,11.08.21,3.969,2,1003,0,0,1
505838,57,0,31.5,2,17.12.21,18.585,3,660,1,0,0
505839,37,1,59.9,5,22.03.21,26.356,1,994,1,1,0
505840,18,1,32,1,16.01.21,32,2,709,0,0,1
505841,55,0,37.4,7,18.09.21,30.294,0,432,0,0,1
505842,21,0,2.5,6,11.04.21,0.275,2,283,0,1,0
505843,47,0,4.3,6,30.11.21,1.204,1,787,1,0,1
505844,26,1,5.4,7,04.01.21,1.782,0,678,0,0,0
505845,63,0,31.2,4,07.09.21,31.2,1,982,3,0,1
505846,23,0,9.5,4,18.11.21,4.275,3,514,1,0,0
505847,59,1,3.7,6,29.03.21,0.037,2,398,0,0,0
505848,63,0,30.6,5,10.12.21,18.972,2,182,0,0,1
505849,61,1,51.5,4,09.08.21,5.665,2,320,0,0,0
505850,24,0,8.3,1,22.03.21,8.3,3,198,0,0,1
505851,40,1,35,5,03.08.21,5.6,2,767,0,0,0
505852,33,1,59.3,4,30.09.21,36.766,3,838,0,1,0
505853,39,1,27.5,6,07.09.21,7.7,3,914,0,0,1
505854,20,0,18.5,3,07.09.21,2.96,3,954,0,0,1
505855,21,1,47.5,1,28.04.21,47.5,0,248,1,1,0
505856,16,1,26.2,2,10.02.21,4.978,1,852,0,0,1
505857,18,1,49.3,2,26.04.21,12.818,0,720,0,0,0
505858,48,1,34.3,5,02.09.21,31.899,3,224,0,0,0
505859,53,1,26.5,2,16.02.21,25.705,0,146,0,0,0
505860,20,1,28.9,4,28.11.21,3.468,3,550,0,0,0
505861,42,1,52.3,6,10.02.21,3.661,2,153,1,0,1
505862,46,1,42.5,2,07.04.21,1.275,1,384,0,0,0
505863,57,1,26.3,4,23.12.21,6.838,2,698,0,0,0
505864,53,1,38.7,1,15.07.21,38.7,2,435,0,1,0
505865,58,1,15,4,25.10.21,14.1,2,418,1,0,0
505866,41,0,25.2,3,18.03.21,16.884,1,865,2,0,0
505867,50,0,16.6,6,11.02.21,2.822,0,888,0,0,0
505868,23,1,33.8,6,31.12.21,18.252,3,290,0,1,0
505869,24,1,5.6,6,31.01.21,5.152,1,302,0,0,0
505870,54,1,52.1,7,26.01.21,41.159,0,388,0,0,0
505871,49,1,19.3,3,28.04.21,16.405,1,793,0,0,0
505872,27,0,23.9,6,29.11.21,20.315,1,970,1,0,0
505873,28,1,36.9,7,03.02.21,30.627,0,1000,1,0,0
505874,59,1,54.5,7,23.06.21,34.88,0,843,0,0,0
505875,17,0,18.8,2,30.03.21,5.264,1,181,0,0,1
505876,44,1,37.9,5,23.12.21,11.749,2,422,1,0,0
505877,63,1,39.7,7,03.11.21,35.73,2,1038,0,0,0
505878,49,0,8.4,1,10.10.21,8.4,0,1040,1,0,1
505879,40,1,39.1,1,01.10.21,39.1,2,558,2,0,0
505880,63,1,18.1,3,31.03.21,9.231,1,860,0,0,0
505881,25,1,32.9,6,06.12.21,32.242,1,489,1,0,0
505882,20,1,32.9,4,23.10.21,13.818,2,177,0,0,1
505883,57,0,31.9,1,03.05.21,31.9,0,398,0,0,1
505884,51,1,55.3,5,13.08.21,28.756,1,186,0,0,0
505885,25,0,53.3,6,04.05.21,11.193,1,217,0,0,0
505886,58,0,56.7,6,29.01.21,5.67,0,480,0,1,1
505887,60,1,38.9,7,03.12.21,32.287,1,674,0,0,0
505888,58,0,13.9,5,16.05.21,10.147,1,361,1,0,0
505889,38,0,28.2,6,26.04.21,13.536,0,478,0,0,1
505890,53,0,16.3,5,31.03.21,14.833,1,227,0,0,0
505891,17,1,33.1,4,08.01.21,19.529,2,361,0,0,1
505892,43,0,43.3,5,13.03.21,30.743,0,429,0,0,0
505893,26,1,52.7,1,10.09.21,52.7,1,612,0,0,0
505894,39,1,39,7,14.07.21,33.93,1,122,0,0,0
505895,26,1,37.7,3,10.12.21,26.767,1,932,0,1,0
505896,17,1,16.1,1,07.12.21,16.1,1,553,0,1,0
505897,56,1,17.1,4,04.12.21,13.167,3,773,0,1,0
505898,21,1,22.7,6,23.05.21,7.718,1,1077,0,0,0
505899,46,1,10.1,2,22.09.21,5.05,3,494,0,0,0
505900,20,1,14.1,4,23.12.21,10.716,3,152,0,0,0
505901,49,1,28.5,4,02.12.21,13.965,3,661,0,0,1
505902,50,0,11.8,7,01.09.21,4.484,2,337,1,0,0
505903,26,0,17.3,5,24.04.21,1.384,2,319,0,1,0
505904,37,0,13.4,5,02.08.21,8.844,2,494,1,1,0
505905,27,1,53.1,1,20.02.21,53.1,0,621,1,0,0
505906,21,1,32.4,2,04.02.21,6.48,0,882,0,0,0
505907,32,1,36.8,2,29.01.21,24.656,1,998,0,1,0
505908,62,1,32.3,1,01.01.21,32.3,0,707,0,0,0
505909,43,1,22.1,3,06.02.21,1.547,2,688,0,0,0
505910,18,1,9.8,3,10.07.21,9.702,0,863,0,0,0
505911,31,0,19.6,2,18.01.21,4.704,0,209,1,0,0
505912,38,1,37.1,3,27.07.21,23.002,2,534,0,0,0
505913,35,1,37.2,5,17.10.21,11.16,2,819,1,0,0
505914,36,1,15.3,1,03.12.21,15.3,2,897,1,0,0
505915,46,1,16.2,2,19.08.21,14.58,1,589,1,0,0
505916,40,0,51.7,4,29.07.21,23.782,0,509,0,1,0
505917,19,0,45.3,5,23.11.21,9.06,0,951,1,0,0
505918,56,0,15.1,6,17.11.21,12.835,1,178,1,0,0
505919,63,0,25.1,6,25.07.21,20.08,2,985,0,0,0
505920,17,0,34.4,4,16.06.21,12.04,3,742,0,0,1
505921,35,0,37.5,7,27.07.21,18,0,168,0,0,0
505922,16,0,1.8,7,02.08.21,0.774,0,534,0,0,1
505923,31,0,17.5,2,17.12.21,4.9,0,1009,0,1,0
505924,38,1,32.2,5,14.11.21,18.354,0,1078,0,0,0
505925,55,1,4.8,5,19.10.21,4.704,2,734,0,0,0
505926,28,1,46.5,2,24.11.21,22.785,0,877,3,0,1
505927,19,0,11.9,7,05.06.21,7.616,3,861,1,0,0
505928,53,0,4.4,3,18.05.21,2.596,1,864,0,0,0
505929,43,1,34.3,1,31.12.21,34.3,0,556,0,0,1
505930,43,1,34.3,4,24.08.21,6.86,2,1069,2,0,0
505931,26,0,46.1,2,25.10.21,37.341,3,853,1,0,0
505932,29,1,16,4,15.02.21,6.4,0,543,3,1,0
505933,19,0,20.7,3,26.04.21,13.455,0,979,3,0,0
505934,59,0,35.1,5,01.01.22,1.404,1,201,0,1,0
505935,40,1,21.1,1,29.06.21,21.1,0,721,1,0,1
505936,20,0,6.5,7,15.09.21,1.495,0,805,0,0,0
505937,47,0,35.5,2,17.05.21,6.39,0,149,3,1,0
505938,61,1,39.9,1,06.06.21,39.9,3,568,1,0,0
505939,35,0,52.9,3,24.12.21,43.907,0,299,0,0,0
505940,38,0,50.9,3,11.04.21,47.337,1,602,0,0,1
505941,26,0,16,6,22.05.21,4.64,1,230,3,0,0
505942,16,0,36.3,1,16.01.21,36.3,2,744,3,0,0
505943,52,1,53.5,4,17.10.21,3.745,3,571,0,1,1
505944,59,1,32.1,2,16.12.21,11.235,3,285,0,0,0
505945,24,1,34.9,5,09.07.21,18.148,1,146,0,0,0
505946,26,1,34,1,09.10.21,34,3,768,1,1,0
505947,18,1,50.3,3,17.06.21,38.731,0,660,1,0,0
505948,46,0,11.8,4,03.08.21,0.118,2,635,0,0,0
505949,59,1,21.2,2,18.08.21,20.776,3,617,0,0,0
505950,23,1,31.9,6,01.06.21,26.477,1,1021,1,0,0
505951,35,1,8.1,6,27.01.21,0.162,1,230,0,0,0
505952,31,0,4.9,5,10.12.21,1.372,1,781,1,0,0
505953,58,1,28.6,6,22.03.21,14.3,2,453,0,1,0
505954,18,1,26.3,4,29.07.21,24.459,0,786,0,1,0
505955,41,1,42.1,1,01.10.21,42.1,1,429,3,0,0
505956,16,0,38.2,7,09.08.21,11.842,0,211,0,1,0
505957,38,0,3.6,1,23.07.21,3.6,2,677,0,0,0
505958,38,0,24,3,14.09.21,9.84,0,1040,1,0,1
505959,48,0,4.1,5,19.01.21,0.697,0,235,0,1,0
505960,20,1,29.8,7,24.05.21,16.39,2,729,0,0,0
505961,47,0,39.9,3,29.06.21,39.9,0,366,0,0,0
505962,21,1,28.6,1,19.01.21,28.6,1,379,3,1,0
505963,61,1,7.2,5,31.08.21,4.176,0,191,0,0,0
505964,27,1,37.6,5,30.03.21,26.32,1,949,2,0,1
505965,56,1,7.1,7,21.10.21,2.272,1,322,0,0,0
505966,27,1,25.9,2,05.02.21,5.18,0,935,0,0,0
505967,16,1,25.8,5,24.08.21,5.418,3,422,3,0,0
505968,44,0,15.4,1,06.08.21,15.4,2,819,0,0,0
505969,48,1,25.6,4,25.07.21,20.736,1,281,1,0,0
505970,49,1,16.8,3,26.05.21,8.904,3,787,0,1,0
505971,29,1,17.5,7,10.11.21,0.175,1,232,0,0,0
505972,22,0,33.3,5,24.07.21,19.647,2,475,1,0,0
505973,51,1,2.1,6,15.08.21,0.105,2,524,0,0,1
505974,48,1,44.7,6,08.09.21,33.078,2,883,0,0,1
505975,33,1,2.4,7,06.01.21,2.208,3,922,0,0,0
505976,21,1,20.2,1,14.05.21,20.2,1,692,1,0,1
505977,19,1,7.2,3,25.08.21,3.6,3,484,0,0,0
505978,51,0,2.9,5,29.04.21,0.87,2,743,1,0,0
505979,41,1,26.3,1,30.12.21,26.3,0,730,0,0,0
505980,36,1,23.8,6,30.05.21,6.902,1,938,0,0,0
505981,52,1,39.7,1,19.08.21,39.7,1,322,1,0,0
505982,62,1,3.3,5,30.06.21,0.264,1,634,1,0,0
505983,23,1,27.7,1,16.01.21,27.7,2,929,0,0,0
505984,25,0,0.6,6,11.08.21,0.534,2,1072,1,0,1
505985,37,0,46.9,2,02.01.21,8.911,0,653,3,0,0
505986,56,1,13.8,4,26.03.21,7.176,1,835,1,0,0
505987,24,0,31.2,3,01.11.21,4.68,3,1022,0,0,0
505988,23,0,20.1,4,02.12.21,2.211,3,945,1,0,1
505989,45,1,9.1,3,24.09.21,0.637,2,411,0,0,0
505990,28,1,7,5,08.03.21,6.16,0,727,0,0,0
505991,62,1,23.2,3,28.07.21,3.48,1,882,1,1,0
505992,28,1,0.7,5,06.02.21,0.035,0,498,0,1,0
505993,48,0,27.8,5,29.11.21,11.12,3,303,2,0,0
505994,35,1,37.5,3,21.11.21,32.625,2,310,0,0,0
505995,57,0,23.8,1,09.12.21,23.8,3,517,0,0,0
505996,38,0,16.6,7,10.08.21,0.166,2,470,1,1,1
505997,31,1,57.3,5,15.07.21,26.358,0,261,0,0,0
505998,20,1,43.3,4,14.01.21,6.062,1,147,0,0,0
505999,57,0,39.7,3,09.10.21,7.94,3,819,0,0,0
506000,48,1,55.3,3,31.12.21,4.977,1,930,0,0,0
506001,50,1,25.2,4,30.05.21,22.68,2,1005,0,0,0
506002,17,1,59.1,4,15.12.21,6.501,1,863,3,0,0
506003,33,1,8.5,5,24.02.21,1.53,0,596,0,0,0
506004,18,0,45.3,5,07.01.21,33.069,2,982,2,0,0
506005,18,1,37.6,4,16.07.21,35.344,3,182,0,0,0
506006,16,1,27.5,2,11.09.21,22,0,352,3,0,0
506007,28,0,24.4,6,17.08.21,11.468,2,177,0,0,0
506008,60,0,35.7,4,11.05.21,8.568,2,796,0,0,0
506009,51,1,38.9,7,26.07.21,9.725,0,781,2,0,0
506010,53,0,54.1,4,27.01.21,36.788,0,884,0,0,0
506011,57,0,54.3,1,12.10.21,54.3,0,809,0,0,1
506012,16,1,55.7,1,30.04.21,55.7,2,457,0,0,1
506013,52,1,39.3,1,26.04.21,39.3,2,692,2,0,0
506014,36,1,3.9,2,30.03.21,3.354,1,660,3,0,1
506015,35,0,45.1,6,06.06.21,37.433,0,210,0,0,0
506016,45,1,31.2,2,25.12.21,3.432,0,627,0,0,0
506017,26,1,21.2,2,08.11.21,20.776,0,965,0,0,0
506018,21,1,30.8,1,26.06.21,30.8,0,523,1,0,1
506019,63,0,52.1,4,04.01.21,47.411,0,850,0,0,0
506020,28,0,8,3,22.04.21,3.68,1,535,1,1,0
506021,45,0,9.5,5,10.05.21,1.33,2,202,0,0,0
506022,32,1,10.5,4,30.04.21,10.29,2,166,3,0,1
506023,35,1,18.4,1,16.06.21,18.4,3,126,0,1,0
506024,40,1,32.3,3,15.09.21,21.318,2,625,0,1,1
506025,56,1,29.2,3,22.06.21,25.112,2,266,1,1,0
506026,56,1,32.4,7,20.05.21,14.256,1,127,0,0,0
506027,37,1,34.3,6,16.12.21,12.691,3,505,0,1,0
506028,49,1,10.6,2,24.08.21,9.646,2,568,0,0,0
506029,50,1,34.8,4,16.07.21,27.84,0,820,3,0,0
506030,30,0,32,1,02.02.21,32,3,386,3,0,0
506031,42,1,12.2,5,21.04.21,3.538,3,137,0,0,0
506032,40,1,38.1,5,07.10.21,33.147,3,769,0,1,1
506033,18,1,54.7,7,07.03.21,35.555,2,416,0,0,0
506034,42,1,36.5,6,07.02.21,10.22,1,515,0,0,1
506035,32,0,48.7,3,09.08.21,23.376,2,547,0,0,0
506036,53,1,11.5,2,13.11.21,1.38,1,979,0,0,0
506037,39,1,31.5,7,10.11.21,27.405,1,663,3,0,0
506038,29,1,16.9,7,08.03.21,5.746,3,859,0,0,0
506039,58,1,12.3,2,23.09.21,2.337,0,434,1,0,0
506040,22,1,26.3,7,16.05.21,13.676,0,546,0,0,0
506041,37,0,33.7,6,11.10.21,28.308,0,1010,0,0,0
506042,42,0,4.7,6,14.05.21,1.316,3,736,0,0,0
506043,61,1,7.4,7,22.02.21,1.11,3,654,0,0,0
506044,18,0,30,7,17.01.21,25.5,0,186,0,0,1
506045,63,1,39.5,5,01.05.21,37.13,2,499,0,0,0
506046,25,1,17.2,1,11.03.21,17.2,1,469,1,0,0
506047,51,1,35.8,7,21.11.21,21.838,0,472,0,0,1
506048,25,1,33.1,3,22.02.21,21.846,0,249,1,0,0
506049,32,1,53.9,1,30.08.21,53.9,3,889,0,0,0
506050,45,0,18.7,1,19.08.21,18.7,1,628,0,1,1
506051,30,0,28.1,5,25.11.21,15.174,3,215,0,0,0
506052,35,1,35.7,1,13.08.21,35.7,3,705,2,0,0
506053,60,1,32,5,01.09.21,24.32,3,1013,1,1,0
506054,59,1,46.5,3,20.07.21,27.9,2,983,1,0,0
506055,18,1,22.8,1,13.05.21,22.8,1,327,1,0,0
506056,21,1,46.7,5,24.05.21,2.335,3,724,0,1,0
506057,42,0,27.8,7,21.07.21,23.63,3,956,0,0,1
506058,57,0,24.8,6,08.01.21,15.624,2,894,2,0,0
506059,35,0,23.3,4,23.09.21,12.349,1,286,1,0,1
506060,37,0,11.9,6,09.10.21,11.9,1,960,0,0,0
506061,23,0,25.4,6,14.01.21,19.558,1,140,0,0,0
506062,36,1,30.3,6,24.06.21,13.938,2,374,0,1,0
506063,24,0,23.3,2,23.12.21,7.223,1,585,0,0,0
506064,16,0,35.3,4,20.05.21,26.475,1,339,0,0,1
506065,51,1,38.1,5,17.01.21,26.289,3,762,0,0,0
506066,39,1,49.3,3,05.11.21,39.933,0,669,1,0,0
506067,31,1,19.3,2,07.04.21,3.667,3,728,0,0,0
506068,28,1,14.9,5,17.10.21,7.748,3,387,2,0,0
506069,58,1,43.1,6,30.11.21,31.032,1,139,1,1,1
506070,59,1,35,7,11.01.21,16.1,2,258,0,0,0
506071,35,0,31,1,03.07.21,31,1,793,3,0,0
506072,21,1,46.7,5,25.03.21,38.294,1,273,0,0,0
506073,35,1,1.5,7,19.05.21,0.9,1,847,0,1,0
506074,45,1,58.7,2,11.10.21,22.306,0,851,0,0,1
506075,50,1,20.8,7,19.09.21,14.56,0,838,1,1,1
506076,46,0,4.4,6,29.09.21,2.772,1,821,0,0,0
506077,62,1,34.4,7,01.01.21,34.056,1,282,0,0,0
506078,45,0,56.1,4,13.07.21,55.539,1,943,0,0,0
506079,57,1,28.7,3,17.01.21,6.314,1,244,0,0,0
506080,21,1,22.1,4,28.12.21,2.652,0,605,0,0,0
506081,63,1,21.8,4,19.02.21,20.274,0,1077,3,0,0
506082,21,0,13.9,1,22.12.21,13.9,3,849,0,0,0
506083,39,1,28.1,1,27.06.21,28.1,2,502,0,1,0
506084,33,1,53.1,6,18.08.21,21.771,0,307,3,0,0
506085,51,1,20,2,24.02.21,9.6,2,280,1,0,1
506086,17,1,36.7,5,09.10.21,35.232,1,394,3,0,0
506087,42,0,33.5,5,28.02.21,1.675,3,747,1,0,0
506088,58,1,25.1,6,01.05.21,24.347,0,322,0,0,0
506089,42,1,27.2,3,01.01.21,5.44,0,571,0,0,0
506090,41,1,38.3,5,14.06.21,18.001,3,250,0,1,0
506091,40,1,51.5,2,29.08.21,28.325,3,698,3,0,1
506092,52,0,4.4,7,29.06.21,1.188,0,999,0,0,1
506093,32,1,17.2,2,04.09.21,9.288,0,462,0,0,0
506094,44,1,57.9,2,13.06.21,44.583,1,401,0,0,0
506095,20,0,6.9,6,04.11.21,6.279,0,1018,0,1,0
506096,44,1,24.6,1,03.02.21,24.6,3,299,0,0,0
506097,21,0,31.8,1,20.12.21,31.8,3,330,0,1,0
506098,19,1,13.5,2,06.06.21,11.205,3,961,0,0,0
506099,31,1,12.7,3,01.06.21,11.303,1,617,0,1,0
506100,40,0,20.7,4,23.09.21,17.802,0,638,0,1,0
506101,36,0,44.7,2,06.08.21,40.677,0,478,3,0,0
506102,51,1,34.3,5,24.01.21,15.435,3,181,2,0,1
506103,52,1,21.9,1,07.01.21,21.9,1,365,0,1,0
506104,57,1,38.8,4,21.09.21,14.356,2,373,0,0,1
506105,55,1,53.7,5,25.08.21,35.442,3,975,0,1,0
506106,29,1,34.9,7,30.10.21,18.846,0,464,0,0,1
506107,43,1,50.1,4,12.08.21,42.084,1,491,1,0,0
506108,43,0,38.7,4,30.12.21,32.121,1,932,3,0,0
506109,45,1,36.1,3,05.10.21,17.689,2,220,1,1,0
506110,52,1,12.6,4,21.08.21,2.898,3,139,0,0,0
506111,40,1,58.3,4,25.02.21,53.636,1,1065,0,0,1
506112,59,1,37.1,6,28.07.21,24.115,2,903,0,1,0
506113,24,1,2.2,4,19.12.21,1.078,3,401,1,0,1
506114,41,0,20.9,3,01.11.21,12.54,1,769,1,0,1
506115,48,1,51.1,6,06.01.21,22.484,1,741,0,0,1
506116,55,1,38,4,24.02.21,13.3,0,765,1,0,1
506117,16,0,40.5,6,21.08.21,40.5,0,459,0,0,0
506118,61,1,26.6,5,06.02.21,2.394,2,491,1,1,0
506119,49,1,11.8,4,28.04.21,7.67,3,558,0,1,1
506120,24,1,2,6,10.06.21,1.78,1,636,0,0,1
506121,53,1,24.7,7,03.12.21,9.139,1,295,0,0,0
506122,36,1,46.1,6,12.05.21,7.376,1,466,0,0,0
506123,46,1,37.4,1,29.12.21,37.4,0,120,3,0,0
506124,33,1,39.5,1,29.12.21,39.5,1,574,0,0,1
506125,48,1,32.3,5,22.04.21,19.38,3,152,1,0,0
506126,54,1,2.5,5,18.06.21,0.1,1,378,1,0,0
506127,48,1,21.5,7,04.12.21,19.35,2,284,0,0,1
506128,16,0,36.1,7,29.11.21,6.498,2,808,0,0,0
506129,17,1,30.1,7,24.09.21,10.234,0,132,0,0,0
506130,26,1,30.6,2,22.04.21,5.814,0,361,1,0,1
506131,31,0,17.7,3,15.07.21,1.593,1,403,0,0,1
506132,59,0,22.5,3,31.08.21,18,3,895,1,0,0
506133,45,0,38.2,2,22.04.21,1.528,3,259,0,0,0
506134,37,1,5.4,2,20.09.21,0.108,1,378,1,0,0
506135,53,1,40.9,5,02.01.21,29.448,2,1062,0,0,0
506136,28,1,35.8,1,17.06.21,35.8,0,855,0,0,0
506137,41,0,38.3,5,16.11.21,29.874,2,401,0,0,0
506138,27,1,16.5,7,13.11.21,7.92,2,170,0,0,0
506139,25,1,36.9,4,17.10.21,26.199,2,461,3,0,0
506140,37,0,23.6,5,18.12.21,5.9,1,298,0,0,0
506141,27,1,32.1,1,04.11.21,32.1,0,121,0,0,1
506142,16,1,14.2,5,10.08.21,3.834,0,751,1,0,1
506143,29,1,56.3,6,09.10.21,52.359,1,407,0,0,1
506144,34,1,30.3,6,13.10.21,9.999,1,789,0,0,0
506145,28,1,50.7,4,10.08.21,15.21,3,748,0,0,1
506146,30,1,49.7,3,26.09.21,24.85,3,347,0,0,0
506147,24,1,54.1,1,29.12.21,54.1,0,506,1,1,0
506148,27,1,4,2,20.10.21,1.92,2,772,0,1,1
506149,19,0,51.9,3,10.11.21,36.33,3,800,0,1,0
506150,62,1,33.4,5,06.08.21,3.674,0,141,0,0,0
506151,40,1,2,1,04.03.21,2,1,497,1,0,0
506152,40,1,3.1,5,27.02.21,0.775,0,829,0,0,0
506153,41,1,59.7,3,06.04.21,59.7,2,895,1,0,0
506154,33,0,13.8,4,03.04.21,2.898,1,800,0,1,0
506155,46,1,8,3,28.11.21,4.08,1,923,0,0,0
506156,51,1,14.4,4,02.02.21,1.584,2,1077,0,0,0
506157,39,1,25.3,5,07.10.21,2.783,0,597,0,0,0
506158,23,0,34.4,7,14.05.21,29.24,3,939,1,0,1
506159,20,0,39.6,6,24.01.21,23.364,0,598,0,0,0
506160,29,1,50.3,2,01.01.21,40.24,1,642,2,0,1
506161,54,1,57.7,7,27.06.21,43.275,3,699,0,0,0
506162,61,1,7.5,2,02.11.21,4.05,1,638,0,0,0
506163,54,1,34.1,3,21.02.21,33.077,0,532,1,0,0
506164,46,1,36.2,4,03.10.21,15.204,2,515,0,0,1
506165,36,1,38.4,5,17.08.21,16.896,0,790,0,0,0
506166,22,0,40.7,1,12.01.21,40.7,3,342,3,0,0
506167,49,1,10,3,29.04.21,7.2,0,317,0,0,0
506168,54,1,19.5,6,02.03.21,12.87,3,613,3,0,1
506169,18,0,32.3,4,06.07.21,19.057,1,632,0,0,0
506170,44,1,33.7,3,26.01.21,15.502,1,858,0,0,0
506171,55,1,19.5,4,28.02.21,1.365,2,127,0,0,0
506172,63,0,1.8,7,20.04.21,1.008,0,684,0,0,0
506173,19,1,22.9,6,25.09.21,4.351,0,390,0,0,1
506174,26,1,5.9,2,05.05.21,1.829,0,468,0,1,1
506175,63,1,37.5,7,05.08.21,1.875,2,303,0,0,1
506176,22,1,32.7,5,24.03.21,0.654,0,527,3,0,0
506177,23,1,38.9,1,17.06.21,38.9,0,965,0,0,0
506178,62,1,36.8,6,28.06.21,2.576,3,937,0,0,0
506179,21,0,42.7,1,19.10.21,42.7,3,760,0,0,1
506180,41,1,35.1,5,10.08.21,24.219,3,559,1,0,1
506181,32,1,26.4,2,17.04.21,9.768,2,807,3,0,0
506182,58,1,25.4,5,02.04.21,23.622,2,649,0,0,1
506183,39,1,37.5,2,14.03.21,26.25,3,918,0,0,0
506184,62,1,37.2,6,22.12.21,29.016,2,560,0,0,0
506185,61,1,0.8,4,20.01.21,0.056,1,838,0,0,1
506186,55,0,20,6,12.07.21,14.4,1,402,0,1,0
506187,24,1,39.1,1,23.05.21,39.1,2,261,0,0,0
506188,63,1,20.7,7,07.07.21,10.557,2,296,2,0,0
506189,59,0,36.7,5,04.11.21,33.03,0,599,0,0,0
506190,47,0,32.7,4,28.03.21,17.004,2,683,0,0,0
506191,49,0,15.4,2,14.03.21,9.086,0,838,1,0,1
506192,41,1,38.1,7,26.04.21,16.764,2,952,3,0,0
506193,48,0,38.3,7,27.12.21,32.938,1,298,1,0,0
506194,20,1,39.1,3,13.10.21,9.775,1,395,0,0,0
506195,24,1,38.4,5,20.06.21,22.656,1,661,0,1,0
506196,21,0,5.6,1,15.06.21,5.6,3,486,0,0,1
506197,57,1,10.5,4,20.11.21,8.19,0,857,0,0,0
506198,61,0,25.5,1,16.09.21,25.5,1,691,0,0,0
506199,47,1,40,7,14.04.21,10.4,2,665,1,0,0
506200,31,1,45.5,4,06.01.21,39.585,1,1031,1,0,0
506201,56,0,26.7,6,12.09.21,4.005,3,718,0,0,0
506202,55,1,25.1,3,27.01.21,1.004,3,231,0,0,0
506203,54,1,31.2,5,02.05.21,19.344,2,469,0,0,0
506204,44,1,17,7,14.04.21,6.29,2,458,0,1,1
506205,56,1,22,2,01.04.21,22,1,775,0,0,0
506206,28,0,1,4,23.01.21,0.34,2,403,3,0,0
506207,33,1,30.3,5,11.04.21,2.424,2,429,0,0,0
506208,62,1,30.9,1,22.06.21,30.9,2,453,1,0,0
506209,28,0,32.4,7,23.11.21,16.524,1,922,3,0,1
506210,39,1,41.1,1,18.09.21,41.1,3,272,2,0,1
506211,30,1,30.4,2,09.06.21,7.6,2,989,0,1,0
506212,63,1,38.6,6,05.12.21,27.406,1,779,0,0,0
506213,36,1,10.1,4,02.03.21,8.484,3,785,1,0,0
506214,52,1,50.7,7,22.12.21,28.392,0,964,3,1,0
506215,30,1,33,7,01.06.21,29.37,3,595,3,0,1
506216,26,1,39.4,1,02.06.21,39.4,0,718,0,0,0
506217,19,0,33.3,5,28.05.21,23.643,0,1043,0,0,0
506218,50,1,24.1,6,03.06.21,20.244,3,1070,0,0,1
506219,21,0,48.9,7,29.11.21,39.12,2,959,3,0,0
506220,28,1,13,3,19.01.21,5.85,2,531,1,0,0
506221,20,1,39.7,4,06.10.21,30.569,3,603,0,0,0
506222,44,1,19.4,2,04.12.21,11.252,1,196,0,0,0
506223,60,1,32.4,1,06.06.21,32.4,1,802,0,0,0
506224,38,0,34.2,6,20.06.21,27.018,1,440,0,0,0
506225,18,0,2.7,1,18.06.21,2.7,3,604,3,0,0
506226,39,1,32.4,7,04.04.21,26.568,1,781,1,0,0
506227,42,0,35,1,15.08.21,35,1,580,1,1,1
506228,23,1,13.2,7,30.11.21,7.128,1,811,1,0,0
506229,39,0,52.1,1,21.01.21,52.1,0,563,0,0,0
506230,28,1,10,2,17.02.21,6.4,0,883,0,0,0
506231,43,0,51.7,3,24.08.21,19.129,2,1018,0,0,1
506232,39,0,10.5,6,07.11.21,2.52,2,923,1,0,0
506233,51,1,18.1,7,09.04.21,17.919,2,914,3,0,0
506234,45,1,24.4,4,24.07.21,9.272,3,592,1,0,0
506235,53,1,19,6,13.04.21,0.19,2,687,0,0,0
506236,38,0,1.4,7,04.06.21,0.14,0,620,0,0,0
506237,52,1,54.3,2,16.07.21,53.757,1,506,3,1,1
506238,37,1,4.8,4,18.11.21,0.096,2,797,1,0,0
506239,38,0,2.6,3,15.11.21,1.664,1,676,0,0,0
506240,49,0,22.8,2,07.04.21,7.068,3,828,0,1,0
506241,37,0,33.1,1,31.05.21,33.1,1,461,0,0,0
506242,24,1,0.7,3,16.01.21,0.532,3,450,0,0,0
506243,62,1,55.1,7,13.12.21,55.1,0,1040,0,0,0
506244,63,1,37.2,5,02.08.21,16.368,1,415,3,0,0
506245,53,1,50.7,3,15.10.21,45.63,2,243,2,0,0
506246,19,1,33.6,4,22.12.21,20.832,3,958,0,0,0
506247,57,0,11.6,1,13.03.21,11.6,1,706,1,0,0
506248,31,1,11.5,3,04.04.21,8.51,2,524,0,0,0
506249,45,1,59.5,2,10.04.21,27.965,0,1041,3,0,1
506250,47,0,35.5,2,12.11.21,15.62,1,243,1,1,0
506251,34,0,11.2,3,30.09.21,7.056,0,453,0,0,0
506252,49,0,11.3,1,04.05.21,11.3,1,653,0,0,1
506253,58,0,54.1,5,15.07.21,2.164,0,1025,0,0,0
506254,38,1,30.8,4,24.01.21,18.48,2,442,0,0,0
506255,28,1,28.1,3,14.11.21,9.273,2,818,0,0,1
506256,49,1,27.6,3,07.05.21,4.416,1,326,1,0,0
506257,59,0,33.5,2,30.05.21,1.675,0,912,0,0,1
506258,57,1,30,3,21.09.21,12.6,1,738,0,0,0
506259,44,1,15,3,18.08.21,3.45,1,778,2,1,1
506260,40,1,14.6,5,22.04.21,8.76,0,600,0,0,1
506261,48,0,38.9,6,16.10.21,1.556,1,294,2,0,1
506262,38,1,39.9,1,09.09.21,39.9,2,387,2,1,0
506263,49,1,32.5,3,30.01.21,6.825,2,957,0,0,0
506264,31,1,22.6,2,13.05.21,1.582,3,263,0,0,1
506265,40,1,8.1,2,24.10.21,5.346,0,344,3,0,1
506266,39,1,31.7,3,30.03.21,17.435,0,917,0,0,0
506267,52,1,34.9,6,27.07.21,7.678,2,586,1,0,1
506268,58,0,32.5,3,04.10.21,16.9,1,854,0,0,0
506269,47,0,8.5,2,11.08.21,7.905,1,1014,1,1,0
506270,31,1,33.5,2,23.03.21,10.385,0,452,3,0,0
506271,36,0,30.1,7,01.10.21,26.488,1,910,0,0,0
506272,40,1,34.3,7,30.09.21,18.865,2,138,0,0,0
506273,57,1,31,3,07.05.21,31,3,796,1,0,0
506274,16,1,27.2,4,10.11.21,21.216,1,948,0,0,0
506275,34,1,39.1,3,18.07.21,7.038,2,474,0,1,0
506276,51,1,39,5,02.09.21,4.68,2,641,1,0,1
506277,28,1,39.6,5,16.07.21,1.188,1,468,0,1,0
506278,60,1,7.2,1,22.04.21,7.2,1,733,0,0,0
506279,62,1,24.9,1,29.08.21,24.9,1,1074,0,0,0
506280,62,0,39.8,5,01.09.21,29.452,1,261,1,0,1
506281,18,1,34.6,6,26.02.21,2.422,1,1024,1,0,0
506282,20,1,21.6,1,27.02.21,21.6,1,723,0,0,0
506283,57,0,46.5,4,23.06.21,12.555,0,719,1,1,0
506284,45,0,51.7,7,11.07.21,7.238,1,616,3,0,0
506285,23,0,46.5,6,02.06.21,5.115,0,763,2,0,1
506286,57,1,56.1,6,14.03.21,44.88,2,1044,1,0,0
506287,43,1,23,4,01.01.22,10.58,1,394,1,0,0
506288,21,1,25.6,7,09.07.21,7.68,2,412,0,0,0
506289,55,0,32.3,5,17.02.21,23.579,0,626,0,0,0
506290,22,1,39.1,2,07.07.21,37.927,0,474,0,0,1
506291,60,1,5.9,6,21.05.21,0.531,2,690,0,0,0
506292,49,1,5.2,7,22.12.21,0.208,0,792,0,0,0
506293,37,1,30.5,1,09.11.21,30.5,1,813,0,0,0
506294,48,1,19.3,3,27.06.21,2.509,1,417,0,0,0
506295,31,0,7.9,7,12.01.21,7.663,1,291,0,1,0
506296,60,1,57.7,5,07.03.21,1.731,2,345,1,0,0
506297,56,0,12.3,7,06.11.21,10.578,2,442,3,0,0
506298,27,0,35.2,5,20.02.21,14.432,3,1017,3,0,0
506299,49,0,2.6,3,30.05.21,1.3,3,771,0,0,0
506300,24,0,39.8,5,02.11.21,17.512,0,548,0,0,0
506301,51,1,38.8,7,04.11.21,19.788,2,817,0,0,0
506302,45,1,25.9,4,10.03.21,9.065,1,224,0,0,0
506303,28,1,31.5,1,03.05.21,31.5,0,570,0,0,0
506304,52,0,31,3,28.08.21,2.79,3,266,0,0,0
506305,20,1,31.3,2,19.06.21,26.918,1,739,3,0,0
506306,17,1,25,5,17.11.21,12.5,1,616,0,0,0
506307,20,1,21.4,5,28.10.21,11.984,0,120,0,0,0
506308,42,1,34.1,6,20.03.21,19.437,2,268,0,0,1
506309,35,1,39.5,7,09.06.21,17.775,0,798,0,0,0
506310,57,0,7.1,5,13.07.21,4.118,1,327,0,0,0
506311,58,1,32.9,5,04.12.21,2.303,0,634,0,0,0
506312,18,1,54.5,1,10.08.21,54.5,1,839,1,0,1
